segment,url
Parent,/parenting/toddler-sleep-schedule-tips
Parent,/parenting/best-car-seats-2026
Parent,/parenting/how-to-talk-to-kids-about-anxiety
Parent,/education/kindergarten-readiness-checklist
Parent,/parenting/picky-eater-solutions
Parent,/health/kids-fever-when-to-call-doctor
Parent,/parenting/screen-time-guidelines-by-age
Parent,/family/road-trip-games-for-kids
Parent,/parenting/toddler-tantrum-strategies
Parent,/education/best-homeschool-curriculum-2026
Parent,/parenting/newborn-sleep-training-methods
Parent,/baby/introducing-solid-foods-guide
Parent,/family/budget-family-vacation-ideas
Parent,/parenting/helicopter-vs-free-range-parenting
Parent,/health/childhood-vaccines-schedule
Parent,/parenting/chores-by-age-chart
Parent,/education/how-to-help-kids-with-homework
Parent,/parenting/teen-social-media-rules
Parent,/family/fun-indoor-activities-for-kids
Parent,/parenting/co-parenting-tips-after-divorce
Parent,/health/adhd-symptoms-in-children
Parent,/parenting/back-to-school-supply-list
Parent,/family/disney-world-tips-with-toddlers
Parent,/parenting/raising-resilient-kids
Parent,/education/gifted-program-testing-tips
Parent,/parenting/baby-proofing-checklist
Parent,/health/when-to-start-potty-training
Parent,/parenting/teen-driving-safety-tips
Parent,/family/best-board-games-for-families
Parent,/parenting/dealing-with-sibling-rivalry
Parent,/education/reading-readiness-ages-3-5
Parent,/parenting/summer-camp-packing-list
Parent,/health/lice-treatment-at-home
Parent,/parenting/setting-boundaries-with-grandparents
Parent,/family/affordable-family-activities-weekend
Parent,/parenting/baby-formula-shortage-alternatives
Parent,/health/food-allergies-in-children
Parent,/parenting/teaching-kids-about-money
Parent,/education/middle-school-transition-tips
Parent,/parenting/newborn-feeding-schedule
Parent,/family/thanksgiving-activities-for-kids
Parent,/parenting/childhood-obesity-prevention
Parent,/health/flu-shot-kids-side-effects
Parent,/parenting/teen-mental-health-warning-signs
Parent,/family/best-minivans-2026-review
Parent,/parenting/how-to-raise-kind-kids
Parent,/education/iep-plan-guide-for-parents
Parent,/parenting/single-mom-financial-tips
Parent,/family/kids-birthday-party-ideas-at-home
Parent,/parenting/gaming-limits-for-teens
Parent,/health/pediatrician-visit-what-to-expect
Parent,/parenting/baby-registry-must-haves
Parent,/family/camping-with-kids-beginners-guide
Parent,/parenting/teen-peer-pressure-conversations
Parent,/education/learning-disabilities-signs
Parent,/parenting/sleep-regression-4-month
Parent,/health/childhood-asthma-management
Parent,/family/holiday-traditions-to-start
Parent,/parenting/work-from-home-with-kids
Parent,/education/online-tutoring-services-review
Parent,/parenting/daycare-vs-nanny-cost-comparison
Parent,/health/stomach-bug-kids-treatment
Parent,/parenting/blended-family-tips
Parent,/family/best-suv-for-family-2026
Parent,/parenting/toddler-language-development
Parent,/education/montessori-vs-traditional-school
Parent,/parenting/preparing-child-for-new-sibling
Parent,/family/easter-basket-ideas-by-age
Parent,/parenting/teen-college-application-stress
Parent,/health/growth-chart-percentiles-explained
Parent,/parenting/baby-monitor-reviews-2026
Parent,/family/cheap-spring-break-destinations
Parent,/parenting/how-to-talk-about-death-with-kids
Parent,/education/afterschool-programs-benefits
Parent,/parenting/raising-bilingual-children
Parent,/health/sports-physicals-what-included
Parent,/family/best-family-podcasts-2026
Parent,/parenting/screen-free-play-ideas
Parent,/education/college-savings-529-plan-guide
Parent,/parenting/dealing-with-bullying-at-school
Parent,/family/budget-birthday-party-ideas
Parent,/parenting/breastfeeding-tips-for-new-moms
Parent,/health/hand-foot-mouth-disease-toddlers
Parent,/parenting/teen-dating-talk-guide
Parent,/education/standardized-test-prep-kids
Parent,/family/fourth-of-july-activities-kids
Parent,/parenting/managing-kids-anxiety-school
Parent,/health/pediatric-dentist-first-visit
Parent,/parenting/potty-training-regression-fix
Parent,/family/movie-night-ideas-for-families
Parent,/parenting/discipline-without-yelling
Parent,/education/private-vs-public-school-pros-cons
Parent,/parenting/car-seat-expiration-dates
Parent,/health/chickenpox-vs-hand-foot-mouth
Parent,/parenting/teaching-consent-to-young-kids
Parent,/family/new-year-traditions-with-kids
Parent,/parenting/baby-sleep-safe-environment
Parent,/education/kindergarten-vs-transitional-k
Parent,/parenting/how-to-stop-thumb-sucking
Parent,/family/summer-bucket-list-kids
Parent,/parenting/teaching-kids-digital-literacy
Parent,/health/eczema-in-babies-treatment
Parent,/parenting/introducing-pets-to-babies
Parent,/education/reading-log-ideas-summer
Parent,/parenting/signs-of-postpartum-depression
Parent,/family/thanksgiving-travel-with-kids
Parent,/parenting/dealing-with-toddler-biting
Parent,/health/growth-spurts-in-toddlers
Parent,/parenting/college-prep-freshman-year
Parent,/education/stem-toys-by-age
Parent,/family/winter-break-activities-kids
Parent,/parenting/nap-schedule-6-month-old
Parent,/health/ear-infection-symptoms-kids
Parent,/parenting/raising-girls-confidence
Parent,/family/zoo-membership-worth-it
Parent,/parenting/teaching-responsibility-to-kids
Parent,/education/after-school-snack-ideas
Parent,/parenting/managing-screen-time-tablets
Parent,/health/sunscreen-for-kids-best-picks
Parent,/family/national-parks-with-kids
Parent,/parenting/bedtime-routine-toddler
Parent,/education/tutoring-cost-guide
Parent,/parenting/teen-anxiety-coping-strategies
Parent,/family/best-beach-vacations-families-2026
Parent,/parenting/signs-speech-delay-toddler
Parent,/health/well-child-visit-schedule
Parent,/parenting/how-to-co-sleep-safely
Parent,/family/holiday-gift-guide-kids-2026
Parent,/parenting/navigating-teen-friendships
Parent,/education/learning-at-home-resources-free
Parent,/parenting/autism-early-signs-checklist
Parent,/health/allergic-reaction-vs-sensitivity
Parent,/family/birthday-party-themes-2026
Parent,/parenting/positive-discipline-techniques
Parent,/education/best-educational-apps-kids
Parent,/parenting/baby-led-weaning-starter-guide
Parent,/health/pinworms-in-kids-treatment
Parent,/family/budget-christmas-gifts-kids
Parent,/parenting/twin-parenting-survival-tips
Parent,/education/homeschool-co-op-benefits
Parent,/parenting/raising-emotionally-intelligent-kids
Parent,/health/meningitis-symptoms-children
Parent,/family/road-trip-snack-ideas-kids
Parent,/parenting/teen-phone-contract-template
Parent,/education/middle-school-math-help
Parent,/parenting/infant-reflux-remedies
Parent,/health/strep-throat-kids-symptoms
Parent,/family/best-water-parks-families
Parent,/parenting/talking-to-kids-about-race
Parent,/education/gifted-child-at-home-activities
Parent,/parenting/sleep-apnea-in-children-signs
Parent,/health/vitamin-d-kids-dosage
Parent,/family/back-to-school-dinner-ideas
Parent,/parenting/navigating-iep-meetings
Parent,/education/reading-comprehension-games
Parent,/parenting/toddler-nutrition-guide
Parent,/health/scoliosis-screening-teens
Parent,/family/cheap-summer-vacation-ideas
Parent,/parenting/teen-college-savings-tips
Parent,/education/virtual-field-trips-free
Parent,/parenting/managing-sibling-jealousy-newborn
Parent,/health/rsv-vs-cold-symptoms-babies
Parent,/family/halloween-costume-ideas-kids-2026
Parent,/parenting/night-terrors-vs-nightmares
Parent,/education/preschool-vs-pre-k-difference
Parent,/parenting/building-healthy-eating-habits
Parent,/health/dehydration-signs-in-toddlers
Parent,/family/valentines-day-activities-kids
Parent,/parenting/when-to-switch-to-forward-facing-carseat
Parent,/education/social-skills-games-kids
Parent,/parenting/talking-to-teens-about-drugs
Parent,/health/childhood-depression-signs
Parent,/family/grandparents-day-gift-ideas
Parent,/parenting/responsive-parenting-explained
Parent,/education/high-school-course-planning
Parent,/parenting/how-to-manage-tantrums-in-public
Parent,/health/sports-injuries-in-kids
Parent,/family/labor-day-activities-kids
Parent,/parenting/teen-social-anxiety-help
Parent,/education/science-fair-project-ideas
Parent,/parenting/preparing-for-kindergarten
Parent,/health/calcium-rich-foods-for-kids
Parent,/family/fall-bucket-list-family
Parent,/parenting/dealing-with-lying-in-kids
Parent,/education/writing-skills-for-elementary
Parent,/parenting/benefits-of-reading-to-babies
Parent,/health/constipation-in-toddlers-relief
Parent,/family/fun-rainy-day-activities-kids
Parent,/parenting/overnight-camps-pros-cons
Parent,/education/financial-literacy-for-teens
Parent,/parenting/LGBTQ-inclusive-parenting-tips
Parent,/health/flu-vs-covid-symptoms-kids
Parent,/family/spring-break-staycation-ideas
Parent,/parenting/foster-care-process-overview
Parent,/education/gifted-testing-what-to-expect
Parent,/parenting/toddler-hitting-how-to-stop
Parent,/health/zinc-supplements-kids
Parent,/family/multigenerational-vacation-tips
Parent,/parenting/preparing-kids-for-surgery
Parent,/education/library-summer-reading-program
Parent,/parenting/online-safety-tweens
Parent,/health/childhood-migraines-treatment
Parent,/family/christmas-morning-routine-ideas
Parent,/parenting/toddler-regression-new-baby
Parent,/education/spelling-bee-prep-tips
Parent,/parenting/helicopter-parenting-effects
Parent,/health/iron-deficiency-in-toddlers
Parent,/family/easy-school-lunch-ideas
Parent,/parenting/navigating-daycare-waitlists
Parent,/education/phonics-vs-sight-words
Parent,/parenting/newborn-jaundice-treatment
Parent,/health/sunstroke-prevention-kids
Parent,/family/theme-park-tips-with-toddlers
Parent,/parenting/how-to-raise-independent-kids
Parent,/education/college-application-essay-tips
Parent,/parenting/sleep-training-cry-it-out
Parent,/health/melatonin-for-kids-safety
Parent,/family/fathers-day-gift-ideas-2026
Parent,/parenting/managing-separation-anxiety
Parent,/education/homeschool-record-keeping-tips
Parent,/parenting/teen-body-image-conversations
Parent,/health/anemia-in-children-symptoms
Parent,/family/mothers-day-brunch-ideas
Parent,/parenting/sensory-processing-disorder-signs
Parent,/education/dual-language-program-benefits
Parent,/parenting/when-kids-can-walk-to-school-alone
Parent,/health/nut-allergy-school-safety
Parent,/family/birthday-party-venues-near-me
Parent,/parenting/navigating-gifted-program-waitlist
Parent,/education/remote-learning-tips-parents
Parent,/parenting/teen-eating-disorder-signs
Parent,/health/children-hydration-tips-summer
Parent,/family/camping-essentials-kids
Parent,/parenting/building-self-esteem-in-kids
Parent,/education/art-classes-for-kids-near-me
Parent,/parenting/newborn-care-first-week
Parent,/health/vision-screening-children
Parent,/family/staycation-ideas-family-2026
Parent,/parenting/managing-big-emotions-kids
Parent,/education/robotics-clubs-for-kids
Parent,/parenting/teen-driving-practice-log
Parent,/health/celiac-disease-kids-symptoms
Parent,/family/best-family-board-games-2026
Parent,/parenting/raising-confident-daughters
Parent,/education/chess-clubs-kids-benefits
Homeowner,/home-improvement/bathroom-remodel-ideas
Homeowner,/home-improvement/kitchen-renovation-cost-2026
Homeowner,/real-estate/home-equity-loan-vs-heloc
Homeowner,/home-improvement/best-exterior-paint-colors-2026
Homeowner,/home-improvement/how-to-install-hardwood-floors
Homeowner,/gardening/backyard-landscaping-ideas-on-budget
Homeowner,/home-improvement/roof-replacement-cost-guide
Homeowner,/home-improvement/diy-deck-building-guide
Homeowner,/real-estate/property-tax-appeal-process
Homeowner,/home-improvement/energy-efficient-windows-worth-it
Homeowner,/home-improvement/basement-finishing-ideas
Homeowner,/gardening/raised-garden-bed-beginner-guide
Homeowner,/home-improvement/smart-thermostat-installation
Homeowner,/home-improvement/hvac-maintenance-checklist
Homeowner,/real-estate/home-appraisal-what-to-expect
Homeowner,/home-improvement/how-to-fix-drywall-holes
Homeowner,/home-improvement/fence-installation-cost
Homeowner,/gardening/best-plants-for-front-yard-curb-appeal
Homeowner,/home-improvement/solar-panel-installation-guide
Homeowner,/home-improvement/kitchen-cabinet-refacing-vs-replacing
Homeowner,/real-estate/refinancing-home-loan-when-worth-it
Homeowner,/home-improvement/bathroom-tile-ideas-2026
Homeowner,/home-improvement/attic-insulation-types-compared
Homeowner,/gardening/composting-for-beginners
Homeowner,/home-improvement/whole-house-generator-cost
Homeowner,/home-improvement/garage-door-replacement-cost
Homeowner,/real-estate/home-equity-line-of-credit-rates
Homeowner,/home-improvement/how-to-clean-gutters-safely
Homeowner,/home-improvement/pool-installation-cost-and-types
Homeowner,/gardening/drought-tolerant-plants-guide
Homeowner,/home-improvement/open-concept-kitchen-remodel
Homeowner,/home-improvement/best-home-security-systems-2026
Homeowner,/real-estate/homeowners-insurance-coverage-guide
Homeowner,/home-improvement/master-bedroom-addition-cost
Homeowner,/home-improvement/how-to-patch-concrete-driveway
Homeowner,/gardening/backyard-vegetable-garden-layout
Homeowner,/home-improvement/plumbing-pipe-replacement-cost
Homeowner,/home-improvement/led-recessed-lighting-installation
Homeowner,/real-estate/capital-gains-tax-home-sale
Homeowner,/home-improvement/best-cordless-drills-2026
Homeowner,/home-improvement/gutter-guard-reviews-2026
Homeowner,/gardening/lawn-care-spring-checklist
Homeowner,/home-improvement/tankless-water-heater-pros-cons
Homeowner,/home-improvement/shower-remodel-ideas-small-bathroom
Homeowner,/real-estate/when-to-sell-your-home-market-timing
Homeowner,/home-improvement/how-to-reglaze-bathtub
Homeowner,/home-improvement/diy-crown-molding-installation
Homeowner,/gardening/perennial-flower-garden-design
Homeowner,/home-improvement/heat-pump-vs-furnace
Homeowner,/home-improvement/popcorn-ceiling-removal-cost
Homeowner,/real-estate/title-insurance-do-you-need-it
Homeowner,/home-improvement/best-robot-vacuums-2026
Homeowner,/home-improvement/epoxy-garage-floor-diy
Homeowner,/gardening/how-to-overseed-lawn-fall
Homeowner,/home-improvement/window-replacement-cost-2026
Homeowner,/home-improvement/wainscoting-installation-guide
Homeowner,/real-estate/home-warranty-worth-buying
Homeowner,/home-improvement/best-interior-paint-brands-2026
Homeowner,/home-improvement/sump-pump-installation-cost
Homeowner,/gardening/wildflower-garden-planting-guide
Homeowner,/home-improvement/ductless-mini-split-installation
Homeowner,/home-improvement/walk-in-closet-design-ideas
Homeowner,/real-estate/buying-vs-renting-calculator
Homeowner,/home-improvement/how-to-tile-shower-walls
Homeowner,/home-improvement/smart-doorbell-review-2026
Homeowner,/gardening/tree-trimming-diy-vs-professional
Homeowner,/home-improvement/kitchen-island-ideas-small-space
Homeowner,/home-improvement/whole-house-water-filter-review
Homeowner,/real-estate/flood-zone-insurance-requirements
Homeowner,/home-improvement/stair-railing-replacement-guide
Homeowner,/home-improvement/best-leaf-blowers-2026
Homeowner,/gardening/fall-garden-prep-checklist
Homeowner,/home-improvement/home-addition-permit-process
Homeowner,/home-improvement/converting-garage-to-living-space
Homeowner,/real-estate/accessory-dwelling-unit-rules
Homeowner,/home-improvement/best-lawnmowers-2026
Homeowner,/home-improvement/led-landscape-lighting-guide
Homeowner,/gardening/rose-garden-care-tips
Homeowner,/home-improvement/radiant-floor-heating-cost
Homeowner,/home-improvement/window-well-drainage-fix
Homeowner,/real-estate/hoa-dispute-resolution
Homeowner,/home-improvement/best-pressure-washers-2026
Homeowner,/home-improvement/mudroom-addition-ideas
Homeowner,/gardening/no-till-gardening-explained
Homeowner,/home-improvement/how-to-replace-outlet-electrical
Homeowner,/home-improvement/fireplace-insert-installation
Homeowner,/real-estate/home-staging-tips-before-selling
Homeowner,/home-improvement/smart-lighting-system-guide
Homeowner,/home-improvement/best-air-purifiers-2026
Homeowner,/gardening/container-gardening-on-patio
Homeowner,/home-improvement/bathroom-vanity-replacement-guide
Homeowner,/home-improvement/outdoor-kitchen-build-guide
Homeowner,/real-estate/easement-on-property-explained
Homeowner,/home-improvement/best-cordless-lawn-mowers
Homeowner,/home-improvement/french-drain-installation
Homeowner,/gardening/rain-garden-design-ideas
Homeowner,/home-improvement/chimney-inspection-cleaning-cost
Homeowner,/home-improvement/home-office-conversion-ideas
Homeowner,/real-estate/property-survey-when-required
Homeowner,/home-improvement/best-snow-blowers-2026
Homeowner,/home-improvement/laundry-room-remodel-ideas
Homeowner,/gardening/companion-planting-guide
Homeowner,/home-improvement/ceiling-fan-installation-diy
Homeowner,/home-improvement/bathroom-lighting-ideas
Homeowner,/real-estate/zoning-laws-explained-homeowner
Homeowner,/home-improvement/best-electric-lawn-mowers-2026
Homeowner,/home-improvement/floating-shelf-installation
Homeowner,/gardening/how-to-grow-tomatoes-backyard
Homeowner,/home-improvement/insulation-r-value-guide
Homeowner,/home-improvement/best-power-tools-starter-kit
Homeowner,/real-estate/short-sale-vs-foreclosure-explained
Homeowner,/home-improvement/how-to-install-backsplash-tile
Homeowner,/home-improvement/whole-home-dehumidifier-guide
Homeowner,/gardening/xeriscape-design-low-water
Homeowner,/home-improvement/pergola-installation-cost
Homeowner,/home-improvement/under-cabinet-lighting-guide
Homeowner,/real-estate/home-inspection-red-flags
Homeowner,/home-improvement/best-shop-vacs-2026
Homeowner,/home-improvement/mudroom-bench-build-diy
Homeowner,/gardening/how-to-aerate-lawn
Homeowner,/home-improvement/how-to-replace-light-switch
Homeowner,/home-improvement/heated-driveway-system-cost
Homeowner,/real-estate/title-search-process-explained
Homeowner,/home-improvement/sliding-door-replacement-cost
Homeowner,/home-improvement/best-smart-locks-2026
Homeowner,/gardening/pollinator-garden-plants
Homeowner,/home-improvement/spray-foam-insulation-cost
Homeowner,/home-improvement/kitchen-layout-design-guide
Homeowner,/real-estate/buying-second-home-tax-implications
Homeowner,/home-improvement/how-to-clean-dryer-vent
Homeowner,/home-improvement/outdoor-fire-pit-ideas
Homeowner,/gardening/raised-bed-soil-mix-recipe
Homeowner,/home-improvement/bathroom-exhaust-fan-upgrade
Homeowner,/home-improvement/finishing-attic-as-bedroom-cost
Homeowner,/real-estate/landlord-responsibilities-rental-property
Homeowner,/home-improvement/best-garden-hoses-2026
Homeowner,/home-improvement/how-to-remove-popcorn-ceiling
Homeowner,/gardening/deer-resistant-plants-garden
Homeowner,/home-improvement/whole-home-water-softener-review
Homeowner,/home-improvement/retaining-wall-installation-cost
Homeowner,/real-estate/quitclaim-deed-explained
Homeowner,/home-improvement/how-to-level-concrete-floor
Homeowner,/home-improvement/bathroom-exhaust-fan-installation
Homeowner,/gardening/fall-bulb-planting-guide
Homeowner,/home-improvement/driveway-resurfacing-vs-replacement
Homeowner,/home-improvement/best-upright-freezers-2026
Homeowner,/real-estate/reverse-mortgage-pros-cons
Homeowner,/home-improvement/recessed-lighting-layout-guide
Homeowner,/home-improvement/deck-staining-tips
Homeowner,/gardening/how-to-grow-herbs-indoors
Homeowner,/home-improvement/hvac-air-filter-types-compared
Homeowner,/home-improvement/master-bath-remodel-cost
Homeowner,/real-estate/first-time-homebuyer-tax-credits-2026
Homeowner,/home-improvement/best-cordless-vacuums-2026
Homeowner,/home-improvement/whole-house-fan-installation
Homeowner,/gardening/garden-bed-edging-ideas
Homeowner,/home-improvement/smart-sprinkler-system-review
Homeowner,/home-improvement/how-to-caulk-bathtub
Homeowner,/real-estate/home-equity-investment-explained
Homeowner,/home-improvement/best-generator-for-home-2026
Homeowner,/home-improvement/kitchen-faucet-replacement-diy
Homeowner,/gardening/how-to-prune-fruit-trees
Homeowner,/home-improvement/ev-charger-home-installation-cost
Homeowner,/home-improvement/best-garage-storage-systems
Homeowner,/real-estate/selling-home-without-realtor
Homeowner,/home-improvement/how-to-fix-squeaky-floors
Homeowner,/home-improvement/how-to-install-ceiling-fan
Homeowner,/gardening/summer-container-garden-ideas
Homeowner,/home-improvement/tankless-water-heater-installation
Homeowner,/home-improvement/dining-room-lighting-guide
Homeowner,/real-estate/inheritance-and-property-taxes
Homeowner,/home-improvement/best-steam-mops-2026
Homeowner,/home-improvement/adding-half-bath-basement
Homeowner,/gardening/backyard-bird-habitat-plants
Homeowner,/home-improvement/storm-door-installation-guide
Homeowner,/home-improvement/best-dehumidifiers-2026
Homeowner,/real-estate/land-contract-explained
Homeowner,/home-improvement/how-to-paint-cabinets-diy
Homeowner,/home-improvement/skylight-installation-cost
Homeowner,/gardening/how-to-divide-perennials
Homeowner,/home-improvement/best-electric-fireplaces-2026
Homeowner,/home-improvement/stucco-repair-diy-guide
Homeowner,/real-estate/homestead-exemption-how-to-apply
Homeowner,/home-improvement/how-to-hang-heavy-mirrors
Homeowner,/home-improvement/window-treatment-ideas-2026
Homeowner,/gardening/how-to-grow-strawberries-raised-bed
Homeowner,/home-improvement/how-to-replace-bathroom-faucet
Homeowner,/home-improvement/built-in-bookcase-diy
Homeowner,/real-estate/what-is-an-escrow-account
Homeowner,/home-improvement/best-door-locks-2026
Homeowner,/home-improvement/how-to-install-vinyl-plank-flooring
Homeowner,/gardening/mulching-tips-for-garden-beds
Homeowner,/home-improvement/basement-waterproofing-options
Homeowner,/home-improvement/pantry-organization-ideas
Homeowner,/real-estate/buying-home-in-flood-zone
Homeowner,/home-improvement/how-to-replace-roof-shingles
Homeowner,/home-improvement/sunroom-addition-cost
Homeowner,/gardening/best-fertilizers-lawn-2026
Homeowner,/home-improvement/electrical-panel-upgrade-cost
Homeowner,/home-improvement/murphy-bed-installation-guide
Homeowner,/real-estate/foreclosure-buying-process
Homeowner,/home-improvement/how-to-install-tile-floor
Homeowner,/home-improvement/home-gym-setup-ideas
Homeowner,/gardening/how-to-edge-lawn-cleanly
Homeowner,/home-improvement/best-garage-heaters-2026
Homeowner,/home-improvement/walk-in-shower-conversion-cost
Homeowner,/real-estate/deed-of-trust-vs-mortgage
Homeowner,/home-improvement/how-to-remove-old-wallpaper
Homeowner,/home-improvement/front-door-replacement-cost
Homeowner,/gardening/how-to-kill-weeds-naturally
Homeowner,/home-improvement/smart-home-hub-comparison-2026
Homeowner,/home-improvement/how-to-seal-concrete-driveway
Homeowner,/real-estate/land-use-restrictions-explained
Homeowner,/home-improvement/best-tile-saws-2026
Homeowner,/home-improvement/laundry-room-storage-ideas
Homeowner,/gardening/winter-garden-prep-guide
Homeowner,/home-improvement/how-to-add-storage-small-bedroom
Homeowner,/home-improvement/ductwork-cleaning-worth-it
Homeowner,/real-estate/assumable-mortgage-explained
Homeowner,/home-improvement/best-table-saws-2026
Homeowner,/home-improvement/how-to-build-raised-garden-bed
Homeowner,/gardening/how-to-get-rid-of-grubs-lawn
Homeowner,/home-improvement/kitchen-remodel-roi-by-project
Homeowner,/home-improvement/attic-ventilation-options
Homeowner,/real-estate/renting-out-room-in-home-taxes
Homeowner,/home-improvement/best-chain-saws-2026
Homeowner,/home-improvement/how-to-reseal-grout
Homeowner,/gardening/starting-seeds-indoors-guide
Homeowner,/home-improvement/how-to-build-outdoor-shed
Homeowner,/home-improvement/smart-home-energy-monitor
Homeowner,/real-estate/title-vs-deed-whats-difference
Homeowner,/home-improvement/best-wet-dry-vacs-2026
Homeowner,/home-improvement/adding-bathroom-to-bedroom-cost
Homeowner,/gardening/how-to-prevent-blossom-end-rot
Homeowner,/home-improvement/built-in-mudroom-bench-design
Homeowner,/home-improvement/pool-resurfacing-cost
Homeowner,/real-estate/property-lien-how-to-remove
Homeowner,/home-improvement/whole-house-humidifier-installation
Homeowner,/home-improvement/bathroom-vent-fan-installation
Homeowner,/gardening/how-to-start-compost-pile
Homeowner,/home-improvement/best-circular-saws-2026
Homeowner,/home-improvement/diy-kitchen-island-build
Homeowner,/real-estate/eminent-domain-homeowner-rights
Homeowner,/home-improvement/how-to-install-pocket-door
Homeowner,/home-improvement/shower-door-replacement-options
Homeowner,/gardening/growing-vegetables-in-containers
Homeowner,/home-improvement/home-insulation-types-compared
Homeowner,/home-improvement/water-heater-replacement-cost-2026
Homeowner,/real-estate/joint-tenancy-vs-tenants-in-common
Homeowner,/home-improvement/best-reciprocating-saws-2026
Homeowner,/home-improvement/closet-organization-systems
Homeowner,/gardening/how-to-remove-tree-stump-diy
Luxury Auto Intender,/cars/best-luxury-sedans-2026
Luxury Auto Intender,/cars/mercedes-benz-e-class-review-2026
Luxury Auto Intender,/cars/bmw-5-series-vs-audi-a6-comparison
Luxury Auto Intender,/cars/porsche-cayenne-review-2026
Luxury Auto Intender,/cars/how-to-negotiate-luxury-car-lease
Luxury Auto Intender,/cars/genesis-g90-full-review
Luxury Auto Intender,/cars/best-luxury-suvs-2026-ranked
Luxury Auto Intender,/cars/tesla-model-s-plaid-review
Luxury Auto Intender,/cars/lease-vs-buy-luxury-car-calculator
Luxury Auto Intender,/cars/rolls-royce-ghost-review-2026
Luxury Auto Intender,/cars/best-certified-pre-owned-luxury-cars
Luxury Auto Intender,/cars/lexus-ls-500-long-term-review
Luxury Auto Intender,/cars/luxury-car-depreciation-by-brand
Luxury Auto Intender,/cars/cadillac-escalade-vs-lincoln-navigator
Luxury Auto Intender,/cars/maserati-quattroporte-review
Luxury Auto Intender,/cars/best-luxury-electric-cars-2026
Luxury Auto Intender,/cars/bmw-7-series-review-2026
Luxury Auto Intender,/cars/audi-q8-vs-bmw-x6-comparison
Luxury Auto Intender,/cars/best-luxury-performance-sedans-2026
Luxury Auto Intender,/cars/jaguar-f-type-review-2026
Luxury Auto Intender,/cars/mercedes-amg-g63-review
Luxury Auto Intender,/cars/porsche-911-carrera-buyers-guide
Luxury Auto Intender,/cars/bentley-continental-gt-review
Luxury Auto Intender,/cars/best-luxury-hybrid-suvs-2026
Luxury Auto Intender,/cars/audi-rs7-0-60-performance-test
Luxury Auto Intender,/cars/lamborghini-urus-real-world-review
Luxury Auto Intender,/cars/best-luxury-pickup-trucks-2026
Luxury Auto Intender,/cars/ferrari-roma-buyers-guide
Luxury Auto Intender,/cars/how-much-does-car-detailing-cost
Luxury Auto Intender,/cars/best-luxury-lease-deals-march-2026
Luxury Auto Intender,/cars/volvo-xc90-vs-bmw-x5-comparison
Luxury Auto Intender,/cars/aston-martin-db12-review-2026
Luxury Auto Intender,/cars/best-luxury-compact-suvs-2026
Luxury Auto Intender,/cars/mercedes-maybach-s680-review
Luxury Auto Intender,/cars/how-to-get-best-deal-on-luxury-car
Luxury Auto Intender,/cars/genesis-gv80-vs-bmw-x5-comparison
Luxury Auto Intender,/cars/luxury-car-maintenance-cost-guide
Luxury Auto Intender,/cars/best-luxury-convertibles-2026
Luxury Auto Intender,/cars/cadillac-ct5-v-blackwing-review
Luxury Auto Intender,/cars/what-is-msrp-vs-invoice-price
Luxury Auto Intender,/cars/porsche-panamera-vs-bmw-7-series
Luxury Auto Intender,/cars/best-luxury-wagons-2026
Luxury Auto Intender,/cars/bmw-m5-review-2026
Luxury Auto Intender,/cars/audi-a8-vs-mercedes-s-class-comparison
Luxury Auto Intender,/cars/luxury-car-financing-rates-2026
Luxury Auto Intender,/cars/lexus-gx-vs-land-rover-defender
Luxury Auto Intender,/cars/mercedes-eqs-review-2026-electric
Luxury Auto Intender,/cars/performance-car-insurance-cost
Luxury Auto Intender,/cars/best-luxury-two-door-coupes-2026
Luxury Auto Intender,/cars/what-options-worth-adding-luxury-car
Luxury Auto Intender,/cars/infiniti-qx80-full-review-2026
Luxury Auto Intender,/cars/how-to-spec-porsche-911
Luxury Auto Intender,/cars/rivian-r1s-vs-bmw-ix-comparison
Luxury Auto Intender,/cars/bentley-bentayga-vs-rolls-royce-cullinan
Luxury Auto Intender,/cars/luxury-car-residual-value-rankings
Luxury Auto Intender,/cars/acura-mdx-type-s-review-2026
Luxury Auto Intender,/cars/best-luxury-cars-under-60k-2026
Luxury Auto Intender,/cars/how-car-lease-mileage-works
Luxury Auto Intender,/cars/bmw-x7-vs-mercedes-gls-comparison
Luxury Auto Intender,/cars/audi-e-tron-gt-real-world-test
Luxury Auto Intender,/cars/how-to-get-out-of-car-lease-early
Luxury Auto Intender,/cars/land-rover-range-rover-review-2026
Luxury Auto Intender,/cars/best-luxury-cars-for-tall-drivers
Luxury Auto Intender,/cars/porsche-cayenne-e-hybrid-review
Luxury Auto Intender,/cars/bmw-m3-competition-vs-audi-rs5
Luxury Auto Intender,/cars/best-luxury-car-brands-reliability-ranked
Luxury Auto Intender,/cars/how-to-order-car-from-factory
Luxury Auto Intender,/cars/mclaren-artura-review-2026
Luxury Auto Intender,/cars/genesis-electrified-g80-review
Luxury Auto Intender,/cars/best-luxury-family-cars-2026
Luxury Auto Intender,/cars/mercedes-cle-review-2026
Luxury Auto Intender,/cars/should-you-buy-extended-warranty-luxury
Luxury Auto Intender,/cars/audi-sq8-e-tron-review-2026
Luxury Auto Intender,/cars/bmw-i7-review-full-electric-flagship
Luxury Auto Intender,/cars/best-luxury-cars-long-road-trips
Luxury Auto Intender,/cars/how-much-to-tip-car-detailer
Luxury Auto Intender,/cars/lexus-lx-600-review-2026
Luxury Auto Intender,/cars/luxury-car-tax-write-off-guide
Luxury Auto Intender,/cars/best-audio-systems-luxury-cars
Luxury Auto Intender,/cars/porsche-macan-electric-review-2026
Luxury Auto Intender,/cars/best-luxury-cars-winter-driving
Luxury Auto Intender,/cars/volvo-s90-vs-bmw-5-series-comparison
Luxury Auto Intender,/cars/how-to-negotiate-dealer-addendum-markup
Luxury Auto Intender,/cars/alfa-romeo-stelvio-long-term-review
Luxury Auto Intender,/cars/best-performance-suvs-2026
Luxury Auto Intender,/cars/ferrari-purosangue-review
Luxury Auto Intender,/cars/how-to-read-window-sticker-msrp
Luxury Auto Intender,/cars/bmw-2-series-review-2026
Luxury Auto Intender,/cars/lincoln-aviator-vs-cadillac-xt6
Luxury Auto Intender,/cars/mercedes-gle-coupe-review-2026
Luxury Auto Intender,/cars/best-luxury-city-cars-2026
Luxury Auto Intender,/cars/how-to-register-car-in-another-state
Luxury Auto Intender,/cars/audi-a4-vs-bmw-3-series-comparison
Luxury Auto Intender,/cars/cadillac-lyriq-review-2026
Luxury Auto Intender,/cars/best-luxury-three-row-suvs-2026
Luxury Auto Intender,/cars/rolls-royce-spectre-electric-review
Luxury Auto Intender,/cars/bmw-m4-csl-buyers-guide
Luxury Auto Intender,/cars/how-does-money-factor-work-lease
Luxury Auto Intender,/cars/best-luxury-sedans-under-50k
Luxury Auto Intender,/cars/bugatti-chiron-owner-experience
Luxury Auto Intender,/cars/how-to-protect-car-paint-ceramic-coat
Luxury Auto Intender,/cars/best-luxury-crossovers-2026-ranked
Luxury Auto Intender,/cars/tesla-cybertruck-vs-rivian-r1t-luxury
Luxury Auto Intender,/cars/jaguar-xe-vs-bmw-3-series
Luxury Auto Intender,/cars/best-luxury-sports-cars-under-100k
Luxury Auto Intender,/cars/how-to-ppf-protect-new-luxury-car
Luxury Auto Intender,/cars/genesis-g70-vs-audi-a4-comparison
Luxury Auto Intender,/cars/best-luxury-cars-fuel-economy-2026
Luxury Auto Intender,/cars/bmw-x3-m-review-2026
Luxury Auto Intender,/cars/maserati-levante-review-2026
Luxury Auto Intender,/cars/best-performance-sedans-under-80k
Luxury Auto Intender,/cars/mercedes-amg-c63-review-2026
Luxury Auto Intender,/cars/audi-a5-sportback-review-2026
Luxury Auto Intender,/cars/lexus-lc500-convertible-review
Luxury Auto Intender,/cars/best-luxury-off-road-vehicles-2026
Luxury Auto Intender,/cars/bentley-flying-spur-review-2026
Luxury Auto Intender,/cars/how-to-understand-luxury-car-trims
Luxury Auto Intender,/cars/best-luxury-plug-in-hybrids-2026
Luxury Auto Intender,/cars/porsche-taycan-vs-bmw-i5-comparison
Luxury Auto Intender,/cars/what-is-dealer-holdback-explained
Luxury Auto Intender,/cars/acura-tlx-type-s-review-2026
Luxury Auto Intender,/cars/bmw-alpina-b7-review
Luxury Auto Intender,/cars/best-luxury-nighttime-driving-features
Luxury Auto Intender,/cars/range-rover-sport-vs-bmw-x6
Luxury Auto Intender,/cars/mclaren-720s-owners-review
Luxury Auto Intender,/cars/mercedes-s63-amg-vs-bmw-m7-comparison
Luxury Auto Intender,/cars/how-to-customize-new-car-order
Luxury Auto Intender,/cars/best-luxury-cars-for-commuting
Luxury Auto Intender,/cars/audi-rs6-avant-buyers-guide
Luxury Auto Intender,/cars/bmw-m8-grand-coupe-review
Luxury Auto Intender,/cars/best-luxury-automatic-transmissions
Luxury Auto Intender,/cars/cadillac-ct4-review-2026
Luxury Auto Intender,/cars/lincoln-nautilus-review-2026
Luxury Auto Intender,/cars/mercedes-eqe-suv-review-2026
Luxury Auto Intender,/cars/what-is-gap-insurance-need-it
Luxury Auto Intender,/cars/best-driver-assistance-systems-2026
Luxury Auto Intender,/cars/lamborghini-huracan-evo-buyers-guide
Luxury Auto Intender,/cars/porsche-cayenne-gts-review
Luxury Auto Intender,/cars/how-to-lease-luxury-car-step-by-step
Luxury Auto Intender,/cars/best-luxury-interiors-ranked-2026
Luxury Auto Intender,/cars/bmw-x5-m-competition-review
Luxury Auto Intender,/cars/audi-sq7-review-2026
Luxury Auto Intender,/cars/genesis-gv70-sport-review
Luxury Auto Intender,/cars/best-luxury-station-wagons-2026
Luxury Auto Intender,/cars/how-do-luxury-car-rebates-work
Luxury Auto Intender,/cars/acura-zdx-electric-review-2026
Luxury Auto Intender,/cars/bmw-m2-review-2026
Luxury Auto Intender,/cars/most-reliable-luxury-suvs-2026
Luxury Auto Intender,/cars/mercedes-glc-review-2026
Luxury Auto Intender,/cars/luxury-car-winter-storage-tips
Luxury Auto Intender,/cars/bentley-continental-speed-review
Luxury Auto Intender,/cars/how-to-find-below-msrp-luxury-car
Luxury Auto Intender,/cars/alfa-romeo-giulia-quadrifoglio-review
Luxury Auto Intender,/cars/best-luxury-vans-2026
Luxury Auto Intender,/cars/bmw-3-series-review-2026
Luxury Auto Intender,/cars/how-do-luxury-incentives-work-q1-2026
Luxury Auto Intender,/cars/audi-a6-allroad-review-2026
Luxury Auto Intender,/cars/lexus-nx-450h-review-2026
Luxury Auto Intender,/cars/best-luxury-pickup-trucks-2026
Luxury Auto Intender,/cars/mercedes-gla-review-2026
Luxury Auto Intender,/cars/rolls-royce-dawn-vs-bentley-azure
Luxury Auto Intender,/cars/how-to-use-fleet-pricing-luxury-car
Luxury Auto Intender,/cars/cadillac-escalade-v-review-2026
Luxury Auto Intender,/cars/best-luxury-sports-cars-daily-drivers
Luxury Auto Intender,/cars/bmw-m6-gran-coupe-review
Luxury Auto Intender,/cars/corvette-z06-buyers-guide-2026
Luxury Auto Intender,/cars/volvo-xc60-review-2026
Luxury Auto Intender,/cars/audi-tt-rs-review-final-edition
Luxury Auto Intender,/cars/what-is-cpo-certification-luxury
Luxury Auto Intender,/cars/jaguar-i-pace-review-2026
Luxury Auto Intender,/cars/best-luxury-cars-audiophile-sound
Luxury Auto Intender,/cars/how-to-protect-leather-seats-luxury
Luxury Auto Intender,/cars/bmw-x4-m-review-2026
Luxury Auto Intender,/cars/mercedes-a-class-review-2026
Luxury Auto Intender,/cars/best-luxury-minivans-2026
Luxury Auto Intender,/cars/how-to-find-demo-luxury-cars-sale
Luxury Auto Intender,/cars/audi-s5-coupe-review-2026
Luxury Auto Intender,/cars/best-luxury-cars-new-graduates
Luxury Auto Intender,/cars/bmw-x1-m35i-review-2026
Luxury Auto Intender,/cars/genesis-g80-sport-review-2026
Luxury Auto Intender,/cars/what-is-disposition-fee-car-lease
Luxury Auto Intender,/cars/land-rover-discovery-review-2026
Luxury Auto Intender,/cars/best-2026-luxury-sedans-all-wheel-drive
Luxury Auto Intender,/cars/mercedes-cla-review-2026
Luxury Auto Intender,/cars/cadillac-escalade-iq-ev-review
Luxury Auto Intender,/cars/bmw-435i-xdrive-long-term-review
Luxury Auto Intender,/cars/audi-q7-review-2026
Luxury Auto Intender,/cars/ferrari-296-gtb-review
Luxury Auto Intender,/cars/how-to-calculate-luxury-car-lease-payment
Luxury Auto Intender,/cars/porsche-911-targa-vs-cabriolet
Luxury Auto Intender,/cars/best-luxury-suvs-third-row-2026
Luxury Auto Intender,/cars/rolls-royce-phantom-series-ii-review
Luxury Auto Intender,/cars/best-luxury-electric-suvs-range-2026
Luxury Auto Intender,/cars/lexus-rc-f-track-edition-review
Luxury Auto Intender,/cars/volvo-ex90-electric-review-2026
Luxury Auto Intender,/cars/how-to-apply-ceramic-coating-at-home
Luxury Auto Intender,/cars/audi-q4-e-tron-vs-bmw-ix3
Luxury Auto Intender,/cars/best-supercar-track-days-events-2026
Luxury Auto Intender,/cars/genesis-gv60-review-2026-electric
Luxury Auto Intender,/cars/how-to-get-vip-auto-show-access
Luxury Auto Intender,/cars/mclaren-765lt-buyers-guide
Luxury Auto Intender,/cars/mercedes-benz-sls-amg-collectors-guide
Luxury Auto Intender,/cars/best-gift-ideas-car-enthusiasts-2026
Luxury Auto Intender,/cars/lincoln-corsair-review-2026
Luxury Auto Intender,/cars/aston-martin-vantage-review-2026
Luxury Auto Intender,/cars/bmw-z4-m40i-review-2026
Luxury Auto Intender,/cars/best-luxury-cars-snowy-climates
Luxury Auto Intender,/cars/porsche-panamera-turbo-e-hybrid-review
Luxury Auto Intender,/cars/best-luxury-cars-resale-value-2026
Luxury Auto Intender,/cars/what-is-acquisition-fee-car-lease
Luxury Auto Intender,/cars/audi-a3-vs-bmw-2-series-comparison
Luxury Auto Intender,/cars/best-luxury-cars-100k-budget-2026
Luxury Auto Intender,/cars/genesis-gv80-coupe-review-2026
Luxury Auto Intender,/cars/mercedes-amg-sl-review-2026
Luxury Auto Intender,/cars/how-car-auctions-work-luxury
Luxury Auto Intender,/cars/bmw-ix-review-2026-electric
Luxury Auto Intender,/cars/best-luxury-cars-chauffeur-driven
Luxury Auto Intender,/cars/audi-q6-e-tron-review-2026
Luxury Auto Intender,/cars/porsche-911-gt3-buyers-guide
Luxury Auto Intender,/cars/rolls-royce-wraith-v-bentley-mulsanne
Luxury Auto Intender,/cars/best-luxury-crossovers-under-45k
Luxury Auto Intender,/cars/ferrari-roma-spider-review
Luxury Auto Intender,/cars/how-to-buy-european-delivery-bmw
Luxury Auto Intender,/cars/lamborghini-revuelto-review-2026
Luxury Auto Intender,/cars/best-luxury-sedans-rear-wheel-drive
Luxury Auto Intender,/cars/bmw-alpina-xb7-review
Luxury Auto Intender,/cars/acura-integra-type-s-review-2026
Luxury Auto Intender,/cars/best-luxury-suvs-towing-capacity-2026
Luxury Auto Intender,/cars/audi-sq5-review-2026
Health Conscious,/nutrition/best-foods-to-reduce-inflammation
Health Conscious,/fitness/morning-workout-routine-beginners
Health Conscious,/nutrition/mediterranean-diet-meal-plan-week
Health Conscious,/health/intermittent-fasting-16-8-guide
Health Conscious,/fitness/best-home-workout-equipment-2026
Health Conscious,/nutrition/protein-intake-calculator-by-weight
Health Conscious,/health/sleep-hygiene-tips-better-rest
Health Conscious,/nutrition/whole-foods-vs-processed-what-matters
Health Conscious,/fitness/how-to-start-running-from-scratch
Health Conscious,/health/stress-management-techniques-daily
Health Conscious,/nutrition/superfoods-list-evidence-backed
Health Conscious,/fitness/yoga-for-beginners-morning-routine
Health Conscious,/health/gut-health-signs-good-microbiome
Health Conscious,/nutrition/how-to-read-nutrition-labels
Health Conscious,/fitness/best-fitness-trackers-2026
Health Conscious,/health/benefits-of-cold-showers
Health Conscious,/nutrition/high-fiber-foods-list-daily-intake
Health Conscious,/fitness/strength-training-for-women-beginners
Health Conscious,/health/how-to-lower-blood-pressure-naturally
Health Conscious,/nutrition/anti-cancer-diet-research-2026
Health Conscious,/fitness/hiit-workout-20-minutes-at-home
Health Conscious,/health/how-to-improve-vo2-max
Health Conscious,/nutrition/omega-3-foods-vs-supplements
Health Conscious,/fitness/best-running-shoes-2026
Health Conscious,/health/signs-of-vitamin-d-deficiency
Health Conscious,/nutrition/keto-diet-pros-cons-review
Health Conscious,/fitness/how-to-build-muscle-after-40
Health Conscious,/health/benefits-of-meditation-science-backed
Health Conscious,/nutrition/best-protein-powders-2026-review
Health Conscious,/fitness/walking-vs-running-for-weight-loss
Health Conscious,/health/how-to-improve-insulin-sensitivity
Health Conscious,/nutrition/plant-based-diet-complete-guide
Health Conscious,/fitness/best-yoga-mats-2026
Health Conscious,/health/cortisol-levels-how-to-lower
Health Conscious,/nutrition/calorie-deficit-how-much-safe
Health Conscious,/fitness/best-rowing-machines-2026
Health Conscious,/health/how-to-improve-flexibility-at-any-age
Health Conscious,/nutrition/seeds-and-nuts-health-benefits
Health Conscious,/fitness/best-stationary-bikes-2026
Health Conscious,/health/signs-of-poor-gut-health
Health Conscious,/nutrition/fermented-foods-benefits-list
Health Conscious,/fitness/pilates-for-core-strength-beginners
Health Conscious,/health/how-to-stay-hydrated-throughout-day
Health Conscious,/nutrition/best-meal-prep-ideas-healthy-week
Health Conscious,/fitness/best-treadmills-for-home-2026
Health Conscious,/health/longevity-habits-blue-zones-study
Health Conscious,/nutrition/blood-sugar-balancing-meals
Health Conscious,/fitness/resistance-band-workout-full-body
Health Conscious,/health/how-to-track-macros-for-health
Health Conscious,/nutrition/intermittent-fasting-autophagy-link
Health Conscious,/fitness/best-ellipticals-for-home-2026
Health Conscious,/health/sauna-benefits-frequency-guide
Health Conscious,/nutrition/best-anti-aging-foods-research
Health Conscious,/fitness/how-to-do-pull-ups-from-zero
Health Conscious,/health/benefits-of-zone-2-cardio
Health Conscious,/nutrition/creatine-benefits-non-athletes
Health Conscious,/fitness/flexibility-routine-30-days
Health Conscious,/health/screen-time-blue-light-sleep-impact
Health Conscious,/nutrition/how-to-build-balanced-plate
Health Conscious,/fitness/best-kettlebell-workouts-beginners
Health Conscious,/health/gratitude-journaling-mental-health
Health Conscious,/nutrition/best-healthy-snacks-work
Health Conscious,/fitness/how-to-run-first-5k-plan
Health Conscious,/health/benefits-of-spending-time-in-nature
Health Conscious,/nutrition/best-foods-brain-health
Health Conscious,/fitness/dumbbell-workout-full-body-30-min
Health Conscious,/health/mindfulness-practices-for-beginners
Health Conscious,/nutrition/fiber-vs-protein-satiety-research
Health Conscious,/fitness/best-gym-shoes-2026-for-lifting
Health Conscious,/health/fasting-blood-glucose-normal-range
Health Conscious,/nutrition/healthy-fats-vs-saturated-fats
Health Conscious,/fitness/best-adjustable-dumbbells-2026
Health Conscious,/health/how-inflammation-affects-the-body
Health Conscious,/nutrition/plant-protein-vs-animal-protein
Health Conscious,/fitness/bodyweight-workout-no-equipment
Health Conscious,/health/vagus-nerve-stimulation-techniques
Health Conscious,/nutrition/how-to-eat-healthy-on-a-budget
Health Conscious,/fitness/best-swim-workouts-for-fitness
Health Conscious,/health/benefits-of-fasting-for-women
Health Conscious,/nutrition/best-pre-workout-foods
Health Conscious,/fitness/how-to-avoid-gym-injuries
Health Conscious,/health/how-to-do-a-digital-detox
Health Conscious,/nutrition/best-electrolyte-drinks-2026
Health Conscious,/fitness/indoor-cycling-workout-guide
Health Conscious,/health/benefits-of-journaling-daily
Health Conscious,/nutrition/best-morning-routine-for-metabolism
Health Conscious,/fitness/how-to-increase-endurance-running
Health Conscious,/health/gut-brain-axis-explained
Health Conscious,/nutrition/hidden-sugars-in-health-foods
Health Conscious,/fitness/best-weight-loss-programs-2026
Health Conscious,/health/benefits-of-ice-baths-cold-plunge
Health Conscious,/nutrition/mushroom-supplements-research-2026
Health Conscious,/fitness/how-to-stay-fit-while-traveling
Health Conscious,/health/heart-rate-variability-tracking
Health Conscious,/nutrition/polyphenol-rich-foods-guide
Health Conscious,/fitness/how-to-start-lifting-weights-women
Health Conscious,/health/sleep-tracking-devices-accuracy
Health Conscious,/nutrition/best-leafy-greens-nutrients
Health Conscious,/fitness/best-pull-up-bars-2026
Health Conscious,/health/benefits-of-breathwork-techniques
Health Conscious,/nutrition/how-much-water-should-drink-daily
Health Conscious,/fitness/marathon-training-plan-beginners
Health Conscious,/health/telomere-length-aging-research
Health Conscious,/nutrition/coffee-health-effects-research
Health Conscious,/fitness/best-foam-rollers-2026
Health Conscious,/health/air-quality-health-impact-home
Health Conscious,/nutrition/best-immunity-boosting-foods
Health Conscious,/fitness/how-to-build-consistent-workout-habit
Health Conscious,/health/grounding-earthing-health-benefits
Health Conscious,/nutrition/best-probiotic-foods-gut-health
Health Conscious,/fitness/muscle-soreness-recovery-tips
Health Conscious,/health/red-light-therapy-benefits-research
Health Conscious,/nutrition/best-post-workout-meals
Health Conscious,/fitness/yoga-for-back-pain-relief
Health Conscious,/health/benefits-of-sauerkraut-kimchi
Health Conscious,/nutrition/how-to-do-elimination-diet
Health Conscious,/fitness/how-to-deadlift-correct-form
Health Conscious,/health/testing-your-hormones-when-to-do-it
Health Conscious,/nutrition/best-low-glycemic-foods-list
Health Conscious,/fitness/best-wireless-earbuds-gym-2026
Health Conscious,/health/mouth-breathing-effects-health
Health Conscious,/nutrition/daily-green-smoothie-recipes
Health Conscious,/fitness/how-to-train-for-half-marathon
Health Conscious,/health/blue-light-glasses-worth-it
Health Conscious,/nutrition/raw-vs-cooked-vegetables-nutrients
Health Conscious,/fitness/best-whey-protein-brands-2026
Health Conscious,/health/benefits-of-fasting-mimicking-diet
Health Conscious,/nutrition/carb-cycling-explained-guide
Health Conscious,/fitness/best-at-home-cardio-workouts
Health Conscious,/health/benefits-of-time-restricted-eating
Health Conscious,/nutrition/best-collagen-supplements-2026
Health Conscious,/fitness/how-to-do-progressive-overload
Health Conscious,/health/signs-you-need-more-magnesium
Health Conscious,/nutrition/best-anti-inflammatory-breakfast
Health Conscious,/fitness/how-to-lose-body-fat-not-muscle
Health Conscious,/health/benefits-of-weighted-blankets
Health Conscious,/nutrition/how-to-meal-plan-for-the-week
Health Conscious,/fitness/cycling-for-weight-loss-guide
Health Conscious,/health/benefits-of-ashwagandha-research
Health Conscious,/nutrition/best-keto-friendly-snacks-2026
Health Conscious,/fitness/how-to-stretch-hip-flexors
Health Conscious,/health/benefits-of-vitamin-k2-research
Health Conscious,/nutrition/best-fiber-supplements-2026
Health Conscious,/fitness/how-to-get-six-pack-abs
Health Conscious,/health/overtraining-symptoms-recovery
Health Conscious,/nutrition/best-organic-food-worth-buying
Health Conscious,/fitness/best-ab-workouts-no-equipment
Health Conscious,/health/how-to-test-resting-metabolic-rate
Health Conscious,/nutrition/best-healthy-restaurant-choices
Health Conscious,/fitness/how-to-do-a-push-up-correct-form
Health Conscious,/health/benefits-of-regular-blood-work
Health Conscious,/nutrition/hidden-calories-common-foods
Health Conscious,/fitness/best-multivitamins-for-athletes-2026
Health Conscious,/health/circadian-rhythm-optimization-tips
Health Conscious,/nutrition/best-foods-for-hormone-balance
Health Conscious,/fitness/box-breathing-technique-for-athletes
Health Conscious,/health/resting-heart-rate-normal-range
Health Conscious,/nutrition/best-high-protein-low-carb-meals
Health Conscious,/fitness/how-to-do-a-triathlon-training-plan
Health Conscious,/health/importance-of-social-health
Health Conscious,/nutrition/best-weight-loss-smoothie-recipes
Health Conscious,/fitness/how-to-measure-body-fat-percentage
Health Conscious,/health/benefits-of-nature-therapy-research
Health Conscious,/nutrition/which-oils-to-cook-with
Health Conscious,/fitness/best-calisthenics-progressions
Health Conscious,/health/digital-health-tracking-guide-2026
Health Conscious,/nutrition/meal-timing-and-metabolism-research
Health Conscious,/fitness/how-to-do-interval-training
Health Conscious,/health/benefits-of-gratitude-for-health
Health Conscious,/nutrition/best-foods-for-liver-health
Health Conscious,/fitness/strength-training-older-adults-guide
Health Conscious,/health/air-quality-monitor-home-review
Health Conscious,/nutrition/best-sources-of-zinc-foods
Health Conscious,/fitness/how-to-get-faster-running
Health Conscious,/health/light-exposure-and-waking-up
Health Conscious,/nutrition/best-healthy-grocery-list-2026
Health Conscious,/fitness/best-massage-guns-2026
Health Conscious,/health/nasal-breathing-benefits-research
Health Conscious,/nutrition/lectins-in-food-should-you-worry
Health Conscious,/fitness/how-to-use-a-sauna-safely
Health Conscious,/health/biohacking-for-beginners-guide
Health Conscious,/nutrition/best-healthy-fast-food-options
Health Conscious,/fitness/how-to-cool-down-after-workout
Health Conscious,/health/why-recovery-is-as-important-as-exercise
Health Conscious,/nutrition/best-zero-calorie-drinks-besides-water
Health Conscious,/fitness/best-punching-bags-home-workout
Health Conscious,/health/benefits-of-forest-bathing
Health Conscious,/nutrition/meal-kit-delivery-healthy-review-2026
Health Conscious,/fitness/how-to-work-out-morning-vs-evening
Health Conscious,/health/how-to-do-gut-cleanse-safely
Health Conscious,/nutrition/best-dairy-free-protein-sources
Health Conscious,/fitness/best-smartwatches-fitness-2026
Health Conscious,/health/skin-microbiome-care-tips
Health Conscious,/nutrition/best-functional-foods-2026
Health Conscious,/fitness/how-to-avoid-marathon-injuries
Health Conscious,/health/benefits-of-acupuncture-research
Health Conscious,/nutrition/how-to-calculate-tdee
Health Conscious,/fitness/best-suspension-trainers-2026
Health Conscious,/health/how-to-get-deep-sleep-stages
Health Conscious,/nutrition/best-low-sodium-diet-tips
Health Conscious,/fitness/how-to-do-tempo-runs
Health Conscious,/health/benefits-of-fasted-cardio
Health Conscious,/nutrition/best-vegan-omega-3-sources
Health Conscious,/fitness/how-to-stick-to-a-workout-plan
Health Conscious,/health/signs-of-adrenal-fatigue
Health Conscious,/nutrition/best-fermented-drinks-gut-health
Health Conscious,/fitness/how-to-recover-from-marathon
Health Conscious,/health/how-to-test-heavy-metals-at-home
Health Conscious,/nutrition/healthy-meal-ideas-under-500-calories
Health Conscious,/fitness/how-to-build-a-home-gym-2026
Health Conscious,/health/benefits-of-napping-research
Health Conscious,/nutrition/best-adaptogens-for-stress
Health Conscious,/fitness/how-to-train-for-obstacle-race
Health Conscious,/health/benefits-of-regular-sauna-use
Health Conscious,/nutrition/how-to-count-macros-beginners
Health Conscious,/fitness/how-to-improve-your-posture-exercises
Investor,/investing/how-to-start-investing-in-2026
Investor,/stocks/best-dividend-stocks-2026
Investor,/investing/index-fund-vs-actively-managed-fund
Investor,/personal-finance/roth-ira-vs-traditional-ira-comparison
Investor,/stocks/how-to-analyze-a-stock
Investor,/investing/dollar-cost-averaging-strategy-guide
Investor,/real-estate-investing/reits-explained-beginners
Investor,/stocks/best-growth-stocks-2026
Investor,/investing/asset-allocation-by-age-guide
Investor,/personal-finance/maxing-out-401k-benefits
Investor,/stocks/how-to-read-earnings-report
Investor,/investing/etf-vs-index-fund-difference
Investor,/crypto/bitcoin-vs-ethereum-investment
Investor,/stocks/best-value-stocks-2026
Investor,/investing/how-to-build-passive-income-portfolio
Investor,/personal-finance/backdoor-roth-ira-steps
Investor,/stocks/best-tech-stocks-to-buy-2026
Investor,/investing/recession-proof-portfolio-strategy
Investor,/options/covered-call-strategy-explained
Investor,/stocks/warren-buffett-portfolio-holdings
Investor,/investing/tax-loss-harvesting-how-it-works
Investor,/personal-finance/how-to-retire-early-fire-method
Investor,/stocks/best-healthcare-stocks-2026
Investor,/investing/bond-investing-basics-guide
Investor,/real-estate-investing/rental-property-cap-rate-explained
Investor,/stocks/how-to-pick-winning-stocks-framework
Investor,/investing/inflation-hedge-investments-2026
Investor,/personal-finance/hsa-investment-strategy
Investor,/stocks/best-semiconductor-stocks-2026
Investor,/investing/three-fund-portfolio-guide
Investor,/options/cash-secured-put-strategy-guide
Investor,/stocks/best-small-cap-stocks-2026
Investor,/investing/alternative-investments-guide-2026
Investor,/real-estate-investing/house-hacking-strategy
Investor,/stocks/how-to-short-a-stock-explained
Investor,/investing/risk-tolerance-assessment
Investor,/personal-finance/mega-backdoor-roth-explained
Investor,/stocks/best-dividend-growth-stocks-2026
Investor,/investing/gold-vs-stocks-performance
Investor,/crypto/how-to-stake-crypto-guide
Investor,/stocks/best-energy-stocks-2026
Investor,/investing/passive-vs-active-investing-data
Investor,/real-estate-investing/short-term-rental-investment-guide
Investor,/stocks/how-to-use-stock-screener
Investor,/investing/emergency-fund-before-investing
Investor,/personal-finance/sequence-of-returns-risk
Investor,/stocks/best-ai-stocks-2026
Investor,/investing/rebalancing-portfolio-when-how
Investor,/options/protective-put-strategy-guide
Investor,/stocks/best-real-estate-stocks-2026
Investor,/investing/socially-responsible-investing-guide
Investor,/real-estate-investing/1031-exchange-explained
Investor,/stocks/growth-vs-value-investing-comparison
Investor,/investing/target-date-fund-pros-cons
Investor,/personal-finance/withdrawal-rate-retirement-safe
Investor,/stocks/best-financial-stocks-2026
Investor,/investing/how-to-invest-in-bonds-beginners
Investor,/crypto/defi-investing-risks-explained
Investor,/stocks/best-consumer-staples-stocks-2026
Investor,/investing/lump-sum-vs-dollar-cost-averaging
Investor,/real-estate-investing/multifamily-investing-guide
Investor,/stocks/how-to-evaluate-pe-ratio
Investor,/investing/portfolio-diversification-guide
Investor,/personal-finance/social-security-optimization-strategy
Investor,/stocks/best-industrial-stocks-2026
Investor,/investing/emerging-markets-investing-risks
Investor,/options/options-wheel-strategy-guide
Investor,/stocks/best-blue-chip-stocks-2026
Investor,/investing/how-to-invest-during-recession
Investor,/real-estate-investing/real-estate-syndication-explained
Investor,/stocks/how-to-read-balance-sheet
Investor,/investing/529-plan-vs-brokerage-account
Investor,/personal-finance/tax-efficient-investing-strategies
Investor,/stocks/best-biotech-stocks-2026
Investor,/investing/what-is-expense-ratio
Investor,/crypto/crypto-tax-guide-2026
Investor,/stocks/best-defense-stocks-2026
Investor,/investing/how-to-choose-financial-advisor
Investor,/real-estate-investing/turnkey-rental-property-guide
Investor,/stocks/how-to-read-income-statement
Investor,/investing/bear-market-investing-strategy
Investor,/personal-finance/inherited-ira-rules-2026
Investor,/stocks/best-transportation-stocks-2026
Investor,/investing/commodity-investing-basics
Investor,/options/iron-condor-strategy-explained
Investor,/stocks/best-utility-stocks-2026
Investor,/investing/how-to-read-a-prospectus
Investor,/real-estate-investing/investing-in-land-guide
Investor,/stocks/how-to-interpret-free-cash-flow
Investor,/investing/tax-advantaged-accounts-guide
Investor,/personal-finance/annuity-pros-cons-review
Investor,/stocks/best-retail-stocks-2026
Investor,/investing/offshore-investing-guide
Investor,/crypto/nft-investing-dead-alive-2026
Investor,/stocks/best-insurance-stocks-2026
Investor,/investing/lazy-portfolio-strategies-compared
Investor,/real-estate-investing/note-investing-beginners
Investor,/stocks/how-to-value-a-company-dcf
Investor,/investing/bull-market-investing-strategy
Investor,/personal-finance/estate-planning-basics-investments
Investor,/stocks/best-fintech-stocks-2026
Investor,/investing/global-etf-investing-guide
Investor,/options/bull-call-spread-strategy
Investor,/stocks/best-ev-stocks-2026
Investor,/investing/growth-investing-vs-income-investing
Investor,/real-estate-investing/mobile-home-park-investing
Investor,/stocks/how-to-do-fundamental-analysis
Investor,/investing/portfolio-income-vs-appreciation
Investor,/personal-finance/medicare-investment-surtax-explained
Investor,/stocks/best-ecommerce-stocks-2026
Investor,/investing/international-diversification-benefits
Investor,/crypto/ethereum-staking-yield-2026
Investor,/stocks/best-cloud-computing-stocks-2026
Investor,/investing/how-to-invest-in-treasury-bonds
Investor,/real-estate-investing/brrrr-strategy-explained
Investor,/stocks/how-to-calculate-dividend-yield
Investor,/investing/factor-investing-explained
Investor,/personal-finance/roth-conversion-strategy-guide
Investor,/stocks/best-cybersecurity-stocks-2026
Investor,/investing/how-to-invest-in-i-bonds-2026
Investor,/options/long-call-strategy-beginners
Investor,/stocks/best-gaming-stocks-2026
Investor,/investing/private-equity-investing-accredited
Investor,/real-estate-investing/commercial-real-estate-investing
Investor,/stocks/how-to-understand-market-cap
Investor,/investing/stock-market-history-returns-data
Investor,/personal-finance/required-minimum-distributions-guide
Investor,/stocks/best-media-stocks-2026
Investor,/investing/how-to-invest-in-startups-crowdfunding
Investor,/crypto/altcoin-investing-risks-2026
Investor,/stocks/best-clean-energy-stocks-2026
Investor,/investing/reits-vs-rental-property-comparison
Investor,/real-estate-investing/private-lending-passive-income
Investor,/stocks/how-to-do-technical-analysis-basics
Investor,/investing/international-etf-investing-guide
Investor,/personal-finance/net-worth-tracking-guide
Investor,/stocks/best-infrastructure-stocks-2026
Investor,/investing/core-satellite-portfolio-strategy
Investor,/options/butterfly-spread-strategy-explained
Investor,/stocks/best-luxury-goods-stocks-2026
Investor,/investing/how-to-reduce-investment-taxes
Investor,/real-estate-investing/opportunity-zone-investing-guide
Investor,/stocks/how-to-invest-in-ipo
Investor,/investing/bond-ladder-strategy-retirement
Investor,/personal-finance/spousal-ira-contribution-rules
Investor,/stocks/best-agriculture-stocks-2026
Investor,/investing/systematic-withdrawal-plan-retirement
Investor,/crypto/bitcoin-etf-guide-2026
Investor,/stocks/best-water-infrastructure-stocks-2026
Investor,/investing/how-to-invest-in-art-alternatives
Investor,/real-estate-investing/land-flipping-strategy
Investor,/stocks/earnings-per-share-explained
Investor,/investing/cash-drag-portfolio-management
Investor,/personal-finance/tax-bracket-optimization-income
Investor,/stocks/best-materials-stocks-2026
Investor,/investing/how-to-invest-in-index-funds-vanguard
Investor,/options/vertical-spread-strategy-guide
Investor,/stocks/best-space-economy-stocks-2026
Investor,/investing/concentrated-position-risk-management
Investor,/real-estate-investing/storage-unit-investing-guide
Investor,/stocks/how-to-screen-for-quality-companies
Investor,/investing/risk-parity-portfolio-explained
Investor,/personal-finance/401k-to-ira-rollover-steps
Investor,/stocks/best-food-beverage-stocks-2026
Investor,/investing/how-to-invest-in-preferred-stock
Investor,/crypto/blockchain-investing-beyond-crypto
Investor,/stocks/best-software-stocks-2026
Investor,/investing/municipal-bond-tax-advantages
Investor,/real-estate-investing/fix-and-flip-investing-guide
Investor,/stocks/return-on-equity-explained
Investor,/investing/yield-curve-explained-investors
Investor,/personal-finance/charitable-giving-tax-strategies
Investor,/stocks/best-biomedical-stocks-2026
Investor,/investing/how-to-build-dividend-income-portfolio
Investor,/options/iron-butterfly-strategy-explained
Investor,/stocks/best-payment-processing-stocks-2026
Investor,/investing/behavioral-finance-traps-to-avoid
Investor,/real-estate-investing/tax-deed-investing-guide
Investor,/stocks/how-to-evaluate-management-quality
Investor,/investing/how-to-handle-market-crash-psychologically
Investor,/personal-finance/pension-vs-401k-comparison
Investor,/stocks/best-restaurant-stocks-2026
Investor,/investing/how-to-build-generational-wealth
Investor,/crypto/how-to-store-crypto-safely-cold-wallet
Investor,/stocks/best-automation-robotics-stocks-2026
Investor,/investing/how-to-invest-in-commodities-etf
Investor,/real-estate-investing/vacation-rental-roi-calculation
Investor,/stocks/gross-margin-analysis-guide
Investor,/investing/direct-indexing-explained-2026
Investor,/personal-finance/financial-independence-calculator
Investor,/stocks/best-telecom-stocks-2026
Investor,/investing/how-to-invest-100k-wisely
Investor,/options/collar-strategy-explained-investors
Investor,/stocks/best-asset-management-stocks-2026
Investor,/investing/how-to-backtest-investment-strategy
Investor,/real-estate-investing/passive-real-estate-investing-guide
Investor,/stocks/return-on-invested-capital-explained
Investor,/investing/tax-managed-funds-explained
Investor,/personal-finance/how-much-to-save-for-retirement
Investor,/stocks/best-regional-bank-stocks-2026
Investor,/investing/how-to-invest-in-private-credit
Investor,/crypto/crypto-portfolio-allocation-2026
Investor,/stocks/best-waste-management-stocks-2026
Investor,/investing/safe-withdrawal-rate-research-2026
Investor,/real-estate-investing/wholesaling-real-estate-guide
Investor,/stocks/best-hospital-system-stocks-2026
Investor,/investing/why-market-timing-fails
Investor,/personal-finance/gift-tax-exclusion-2026
Investor,/stocks/best-managed-care-stocks-2026
Investor,/investing/all-weather-portfolio-strategy
Investor,/options/calendar-spread-strategy-explained
Investor,/stocks/best-mortgage-reit-stocks-2026
Investor,/investing/how-to-stress-test-portfolio
Investor,/real-estate-investing/real-estate-crowdfunding-platforms
Investor,/stocks/enterprise-value-explained
Investor,/investing/risk-adjusted-returns-guide
Investor,/personal-finance/donor-advised-fund-guide
Traveler,/travel/best-destinations-2026-ranked
Traveler,/travel/how-to-find-cheap-flights
Traveler,/travel/best-travel-credit-cards-2026
Traveler,/travel/packing-list-one-week-trip
Traveler,/travel/how-to-get-tsa-precheck-global-entry
Traveler,/travel/best-travel-insurance-2026
Traveler,/travel/budget-travel-europe-tips
Traveler,/travel/best-hotel-loyalty-programs-2026
Traveler,/travel/how-to-use-airline-miles-effectively
Traveler,/travel/solo-travel-safety-tips-women
Traveler,/travel/best-carry-on-luggage-2026
Traveler,/travel/how-to-plan-a-two-week-trip
Traveler,/travel/best-travel-destinations-winter-2026
Traveler,/travel/hidden-gem-destinations-europe-2026
Traveler,/travel/how-to-find-cheap-hotels
Traveler,/travel/best-airport-lounges-2026
Traveler,/travel/how-to-get-upgraded-on-flights
Traveler,/travel/best-backpacking-destinations-2026
Traveler,/travel/visa-requirements-for-us-citizens
Traveler,/travel/how-to-travel-with-toddlers
Traveler,/travel/best-all-inclusive-resorts-2026
Traveler,/travel/how-to-overcome-jet-lag
Traveler,/travel/best-checked-luggage-2026
Traveler,/travel/digital-nomad-destinations-2026
Traveler,/travel/how-to-book-last-minute-flights
Traveler,/travel/best-luxury-hotels-2026
Traveler,/travel/travel-hacking-beginners-guide
Traveler,/travel/best-credit-card-sign-up-bonuses-travel
Traveler,/travel/how-to-travel-slow-long-term
Traveler,/travel/best-safari-destinations-africa-2026
Traveler,/travel/travel-document-checklist
Traveler,/travel/how-to-stay-safe-abroad
Traveler,/travel/best-cruise-lines-2026-ranked
Traveler,/travel/how-to-transfer-airline-miles
Traveler,/travel/best-travel-backpacks-2026
Traveler,/travel/how-to-travel-free-with-points
Traveler,/travel/best-cheap-flight-search-engines-2026
Traveler,/travel/what-to-pack-tropical-vacation
Traveler,/travel/how-to-fly-business-class-cheap
Traveler,/travel/best-beach-destinations-2026
Traveler,/travel/travel-photography-tips-beginners
Traveler,/travel/how-to-get-best-airbnb-deals
Traveler,/travel/best-road-trip-routes-usa-2026
Traveler,/travel/passport-renewal-process-2026
Traveler,/travel/how-to-pack-light-carry-on-only
Traveler,/travel/best-budget-airlines-2026
Traveler,/travel/how-to-find-travel-companions
Traveler,/travel/best-european-river-cruises-2026
Traveler,/travel/travel-photography-gear-guide
Traveler,/travel/how-to-avoid-tourist-traps
Traveler,/travel/best-japan-travel-tips-2026
Traveler,/travel/travel-nursing-guide-2026
Traveler,/travel/how-to-book-multi-city-flights
Traveler,/travel/best-hostel-booking-sites-2026
Traveler,/travel/how-to-use-google-flights
Traveler,/travel/best-ski-resort-destinations-2026
Traveler,/travel/solo-backpacking-southeast-asia-guide
Traveler,/travel/how-to-get-free-hotel-upgrades
Traveler,/travel/best-honeymoon-destinations-2026
Traveler,/travel/international-travel-health-tips
Traveler,/travel/how-to-travel-more-with-limited-pto
Traveler,/travel/best-eco-friendly-travel-tips
Traveler,/travel/how-to-plan-italy-trip-2026
Traveler,/travel/best-travel-adapters-2026
Traveler,/travel/first-class-vs-business-class-worth-it
Traveler,/travel/how-to-travel-to-cuba-as-american
Traveler,/travel/best-destinations-solo-women-2026
Traveler,/travel/travel-emergency-kit-packing-list
Traveler,/travel/how-to-plan-greece-trip-2026
Traveler,/travel/best-travel-shoes-2026-reviewed
Traveler,/travel/what-is-nexus-vs-global-entry
Traveler,/travel/how-to-visit-patagonia-on-budget
Traveler,/travel/best-airfare-booking-timing-guide
Traveler,/travel/how-to-travel-sustainably
Traveler,/travel/best-travel-pillows-2026
Traveler,/travel/how-to-rent-a-car-abroad
Traveler,/travel/best-national-parks-usa-2026
Traveler,/travel/how-to-plan-new-zealand-trip
Traveler,/travel/travel-planning-apps-2026
Traveler,/travel/how-to-use-transfer-partners-points
Traveler,/travel/best-family-resorts-2026-reviewed
Traveler,/travel/how-to-apply-for-schengen-visa
Traveler,/travel/travel-medicine-vaccines-guide
Traveler,/travel/how-to-budget-for-international-trip
Traveler,/travel/best-amazon-travel-accessories-2026
Traveler,/travel/how-to-plan-south-america-trip
Traveler,/travel/best-travel-strollers-2026
Traveler,/travel/how-to-maximize-chase-sapphire-rewards
Traveler,/travel/best-mexico-beach-destinations-2026
Traveler,/travel/how-to-plan-road-trip-national-parks
Traveler,/travel/travel-hacks-experienced-travelers
Traveler,/travel/how-to-find-free-campsites-usa
Traveler,/travel/best-waterfalls-to-visit-2026
Traveler,/travel/how-to-use-amex-membership-rewards
Traveler,/travel/best-travel-pants-men-women-2026
Traveler,/travel/how-to-visit-antarctica-guide
Traveler,/travel/best-city-breaks-europe-spring-2026
Traveler,/travel/travel-photography-editing-guide
Traveler,/travel/how-to-get-flight-compensation-delay
Traveler,/travel/best-luggage-sets-2026
Traveler,/travel/how-to-visit-africa-first-time
Traveler,/travel/best-adventure-travel-gear-2026
Traveler,/travel/how-to-find-shoulder-season-deals
Traveler,/travel/best-island-destinations-2026
Traveler,/travel/how-to-travel-with-dietary-restrictions
Traveler,/travel/best-travel-money-belts-2026
Traveler,/travel/how-to-book-train-europe-interrail
Traveler,/travel/best-caribbean-islands-2026-ranked
Traveler,/travel/travel-journal-ideas-inspiration
Traveler,/travel/how-to-cross-borders-overland
Traveler,/travel/best-travel-wallets-2026
Traveler,/travel/how-to-plan-iceland-road-trip
Traveler,/travel/best-budget-destinations-europe-2026
Traveler,/travel/how-to-maximize-alaska-airlines-miles
Traveler,/travel/best-travel-sunglasses-2026
Traveler,/travel/how-to-find-pet-friendly-hotels
Traveler,/travel/best-cruise-destinations-2026
Traveler,/travel/solo-travel-budgeting-guide
Traveler,/travel/how-to-travel-disabled-accessibility
Traveler,/travel/best-noise-cancelling-headphones-travel
Traveler,/travel/how-to-plan-trip-to-morocco
Traveler,/travel/best-ski-pass-options-2026
Traveler,/travel/how-to-avoid-airline-fees
Traveler,/travel/best-water-bottles-travel-2026
Traveler,/travel/how-to-get-views-from-airplane
Traveler,/travel/best-middle-east-destinations-2026
Traveler,/travel/how-to-rent-villa-abroad-guide
Traveler,/travel/best-travel-journals-2026
Traveler,/travel/how-to-get-business-class-upgrade
Traveler,/travel/best-southeast-asia-backpacking-budget
Traveler,/travel/how-to-use-hotel-points-effectively
Traveler,/travel/best-travel-apps-2026-reviewed
Traveler,/travel/how-to-plan-bucket-list-trip
Traveler,/travel/best-travel-towels-2026
Traveler,/travel/how-to-plan-a-gap-year-travel
Traveler,/travel/best-city-cards-travel-europe-2026
Traveler,/travel/how-to-avoid-pickpockets-abroad
Traveler,/travel/best-travel-hair-dryers-2026
Traveler,/travel/how-to-live-abroad-guide
Traveler,/travel/best-travel-rewards-programs-2026
Traveler,/travel/how-to-stay-healthy-while-traveling
Traveler,/travel/best-africa-safari-lodges-2026
Traveler,/travel/how-to-plan-bali-trip-2026
Traveler,/travel/best-travel-vpn-2026
Traveler,/travel/how-to-avoid-dynamic-currency-conversion
Traveler,/travel/best-hiking-destinations-world-2026
Traveler,/travel/how-to-plan-egypt-trip-2026
Traveler,/travel/best-beach-resorts-adults-only-2026
Traveler,/travel/how-to-get-refund-on-cancelled-flight
Traveler,/travel/best-travel-first-aid-kit-2026
Traveler,/travel/how-to-plan-scotland-road-trip
Traveler,/travel/best-city-guide-apps-travel-2026
Traveler,/travel/how-to-travel-with-pets-internationally
Traveler,/travel/best-overwater-bungalows-2026
Traveler,/travel/how-to-visit-mount-everest-base-camp
Traveler,/travel/best-travel-jackets-2026
Traveler,/travel/how-to-book-trains-japan
Traveler,/travel/best-culinary-travel-destinations-2026
Traveler,/travel/how-to-plan-peru-machu-picchu-trip
Traveler,/travel/best-glamping-sites-usa-2026
Traveler,/travel/how-to-travel-with-only-personal-item
Traveler,/travel/best-travel-scarves-women-2026
Traveler,/travel/how-to-maximize-united-miles
Traveler,/travel/best-van-life-routes-usa-2026
Traveler,/travel/how-to-plan-costa-rica-trip-2026
Traveler,/travel/best-language-apps-for-travelers-2026
Traveler,/travel/how-to-find-boutique-hotels-deals
Traveler,/travel/best-travel-camera-bags-2026
Traveler,/travel/how-to-find-secret-deals-flights
Traveler,/travel/best-hiking-boots-travel-2026
Traveler,/travel/how-to-plan-winter-travel-2026
Traveler,/travel/best-places-see-northern-lights-2026
Traveler,/travel/how-to-find-award-flights-step-by-step
Traveler,/travel/best-carry-on-backpacks-2026
Traveler,/travel/how-to-plan-portugal-road-trip
Traveler,/travel/best-train-journeys-world-2026
Traveler,/travel/how-to-meet-locals-while-traveling
Traveler,/travel/best-travel-power-banks-2026
Traveler,/travel/how-to-plan-vietnam-trip-2026
Traveler,/travel/best-adventure-tours-2026
Traveler,/travel/how-to-use-priority-pass-lounge
Traveler,/travel/best-beach-clubs-spain-2026
Traveler,/travel/how-to-handle-lost-luggage
Traveler,/travel/best-travel-dresses-packing-2026
Traveler,/travel/how-to-visit-south-korea-guide
Traveler,/travel/best-budget-hotels-booking-tips
Traveler,/travel/how-to-plan-7-day-italy-itinerary
Traveler,/travel/best-travel-size-toiletries-2026
Traveler,/travel/how-to-visit-great-barrier-reef
Traveler,/travel/best-hidden-gems-usa-road-trip
Traveler,/travel/how-to-travel-europe-by-rail-2026
Traveler,/travel/best-travel-compression-packing-cubes
Traveler,/travel/how-to-visit-galapagos-islands-budget
Traveler,/travel/best-digital-nomad-visa-countries-2026
Traveler,/travel/how-to-plan-safari-first-time
Traveler,/travel/best-budget-travel-destinations-asia
Traveler,/travel/how-to-visit-jordan-petra-guide
Traveler,/travel/best-camping-gear-travelers-2026
Traveler,/travel/how-to-do-fly-drive-holiday
Traveler,/travel/best-travel-gift-ideas-2026
Traveler,/travel/how-to-plan-hawaii-trip-on-budget
Traveler,/travel/best-european-train-passes-2026
News Reader,/news/us-economy-outlook-2026
News Reader,/politics/supreme-court-decisions-2026
News Reader,/world-news/ukraine-conflict-update
News Reader,/business/federal-reserve-interest-rate-decision
News Reader,/politics/2026-midterm-elections-preview
News Reader,/world-news/china-taiwan-relations-update
News Reader,/business/nasdaq-market-recap-today
News Reader,/politics/immigration-policy-changes-2026
News Reader,/world-news/middle-east-conflict-latest
News Reader,/science/climate-change-latest-research
News Reader,/business/inflation-data-latest-cpi
News Reader,/politics/congress-budget-debate
News Reader,/world-news/eu-elections-results
News Reader,/health/new-covid-variant-update
News Reader,/science/nasa-space-mission-update
News Reader,/business/big-tech-antitrust-case-update
News Reader,/politics/state-laws-abortion-2026
News Reader,/world-news/russia-sanctions-update
News Reader,/business/housing-market-crash-possible
News Reader,/politics/trump-latest-news
News Reader,/world-news/nato-summit-outcomes
News Reader,/science/ai-regulation-updates-2026
News Reader,/business/oil-price-update-today
News Reader,/politics/government-shutdown-risk
News Reader,/world-news/iran-nuclear-deal-update
News Reader,/health/bird-flu-outbreak-update
News Reader,/science/breakthrough-cancer-treatment-news
News Reader,/business/amazon-quarterly-earnings
News Reader,/politics/senate-vote-results-today
News Reader,/world-news/north-korea-missile-test
News Reader,/business/layoffs-tech-sector-update
News Reader,/politics/presidential-poll-numbers
News Reader,/world-news/africa-conflict-latest-news
News Reader,/science/quantum-computing-breakthrough-2026
News Reader,/business/google-antitrust-ruling
News Reader,/politics/supreme-court-abortion-case-update
News Reader,/world-news/g20-summit-outcomes
News Reader,/health/obesity-drug-news-2026
News Reader,/science/ocean-temperature-record-broken
News Reader,/business/bank-failure-risk-2026
News Reader,/politics/republicans-democrats-budget-deal
News Reader,/world-news/india-economy-news
News Reader,/business/crypto-sec-regulation-news
News Reader,/politics/biden-trump-comparison-polling
News Reader,/world-news/brazil-deforestation-news
News Reader,/health/new-vaccine-fda-approval
News Reader,/science/ai-and-jobs-displaced
News Reader,/business/netflix-subscriber-earnings
News Reader,/politics/election-integrity-legislation-2026
News Reader,/world-news/uk-economy-recession-update
News Reader,/business/supply-chain-disruption-news
News Reader,/politics/gun-control-legislation-update
News Reader,/world-news/pakistan-political-crisis
News Reader,/health/mental-health-crisis-statistics
News Reader,/science/fusion-energy-latest-news
News Reader,/business/walmart-target-earnings
News Reader,/politics/state-attorney-general-actions
News Reader,/world-news/africa-elections-update
News Reader,/business/student-loan-forgiveness-update
News Reader,/politics/filibuster-reform-debate
News Reader,/world-news/global-food-crisis-news
News Reader,/health/opioid-crisis-latest-news
News Reader,/science/mars-mission-update-2026
News Reader,/business/nvidia-earnings-ai-chips
News Reader,/politics/voting-rights-laws-2026
News Reader,/world-news/egypt-political-news
News Reader,/business/social-media-regulation-news
News Reader,/politics/local-election-results
News Reader,/world-news/myanmar-coup-update
News Reader,/health/mental-health-legislation-congress
News Reader,/science/biodiversity-loss-report-2026
News Reader,/business/microsoft-ai-partnership-news
News Reader,/politics/senate-judiciary-committee-news
News Reader,/world-news/jordan-protest-news
News Reader,/business/dollar-strength-global-impact
News Reader,/politics/house-speaker-latest-news
News Reader,/world-news/canada-economy-outlook
News Reader,/health/climate-health-impacts-report
News Reader,/science/clean-energy-investment-news
News Reader,/business/meta-earnings-ad-revenue
News Reader,/politics/redistricting-lawsuit-update
News Reader,/world-news/saudi-aramco-oil-strategy
News Reader,/business/us-china-trade-tariff-news
News Reader,/politics/campaign-finance-reform-news
News Reader,/world-news/hong-kong-press-freedom-update
News Reader,/health/fda-drug-approval-news
News Reader,/science/deep-sea-exploration-news
News Reader,/business/gig-economy-regulation-news
News Reader,/politics/attorney-general-investigation-news
News Reader,/world-news/japan-political-leadership
News Reader,/business/apple-quarterly-results
News Reader,/politics/debt-ceiling-fight-2026
News Reader,/world-news/venezuela-crisis-update
News Reader,/health/antibiotic-resistance-report
News Reader,/science/exoplanet-discovery-news
News Reader,/business/wall-street-bonus-season-news
News Reader,/politics/judicial-appointments-news
News Reader,/world-news/mexico-cartel-violence-update
News Reader,/business/housing-starts-economic-data
News Reader,/politics/foreign-lobbying-investigations
News Reader,/world-news/south-africa-economy-news
News Reader,/health/longevity-research-news-2026
News Reader,/science/wildfire-research-latest
News Reader,/business/tesla-quarterly-delivery-results
News Reader,/politics/medicaid-expansion-states
News Reader,/world-news/eu-ai-act-implementation
News Reader,/business/commercial-real-estate-crisis-2026
News Reader,/politics/state-pension-fund-news
News Reader,/world-news/indonesia-election-news
News Reader,/health/drug-pricing-legislation-news
News Reader,/science/crispr-gene-editing-news-2026
News Reader,/business/unemployment-rate-jobs-report
News Reader,/politics/supreme-court-gun-case-update
News Reader,/world-news/chile-political-news
News Reader,/business/ev-market-slowdown-news
News Reader,/politics/ethics-investigation-congress
News Reader,/world-news/afghanistan-humanitarian-news
News Reader,/health/hospital-worker-shortage-news
News Reader,/science/space-telescope-discovery-news
News Reader,/business/airlines-profit-loss-news
News Reader,/politics/gerrymandering-case-update
News Reader,/world-news/german-politics-news
News Reader,/business/us-budget-deficit-news
News Reader,/politics/immigration-court-backlog-news
News Reader,/world-news/colombia-peace-process-news
News Reader,/health/long-covid-research-update
News Reader,/science/arctic-ice-loss-report-2026
News Reader,/business/insurance-industry-climate-crisis
News Reader,/politics/presidential-cabinet-news
News Reader,/world-news/france-immigration-law
News Reader,/business/small-business-loan-data
News Reader,/politics/state-healthcare-legislation
News Reader,/world-news/cuba-protest-news
News Reader,/health/reproductive-rights-news-2026
News Reader,/science/ai-deepfake-regulation-news
News Reader,/business/private-equity-news-2026
News Reader,/politics/tax-policy-debate-congress
News Reader,/world-news/philippines-political-news
News Reader,/business/stock-market-correction-analysis
News Reader,/politics/campaign-trail-news-2026
News Reader,/world-news/eu-energy-crisis-update
News Reader,/health/diabetes-drug-breakthrough-news
News Reader,/science/gravitational-wave-discovery-news
News Reader,/business/telecom-merger-approval-news
News Reader,/politics/border-security-legislation-news
News Reader,/world-news/israel-politics-news
News Reader,/business/consumer-confidence-index-data
News Reader,/politics/government-surveillance-news
News Reader,/world-news/turkey-economic-crisis
News Reader,/health/alzheimer-treatment-news-2026
News Reader,/science/carbon-capture-technology-news
News Reader,/business/housing-inventory-shortage-news
News Reader,/politics/bipartisan-infrastructure-follow-up
News Reader,/world-news/kenya-elections-news
News Reader,/business/hedge-fund-performance-data
News Reader,/politics/whistle-blower-news-2026
News Reader,/world-news/niger-coup-aftermath
News Reader,/health/childhood-obesity-policy-news
News Reader,/science/battery-technology-breakthrough-news
News Reader,/business/freight-shipping-costs-data
News Reader,/politics/intelligence-committee-hearings
News Reader,/world-news/iran-protests-update
News Reader,/business/fed-quantitative-tightening-news
News Reader,/politics/state-tax-reform-news
News Reader,/world-news/haiti-political-crisis
News Reader,/health/cancer-screening-guidelines-update
News Reader,/science/renewable-energy-capacity-report
News Reader,/business/private-label-brands-growth
News Reader,/politics/foreign-policy-shift-news
News Reader,/world-news/india-pakistan-relations
News Reader,/business/retail-sales-economic-data
News Reader,/politics/campaign-dark-money-news
News Reader,/world-news/egypt-sudan-water-dispute
News Reader,/health/gun-violence-public-health-news
News Reader,/science/microplastics-health-research
News Reader,/business/manufacturing-jobs-data
News Reader,/politics/national-security-threat-briefing
News Reader,/world-news/spain-political-coalition
News Reader,/business/consumer-spending-data
News Reader,/politics/federal-judge-appointment-news
News Reader,/world-news/arctic-shipping-routes-news
News Reader,/health/maternal-mortality-report-2026
News Reader,/science/earthquake-prediction-research
News Reader,/business/trade-deficit-latest-data
News Reader,/politics/supreme-court-preview-fall-2026
News Reader,/world-news/sub-saharan-africa-growth-news
Tech Enthusiast,/technology/best-smartphones-2026-ranked
Tech Enthusiast,/technology/apple-vision-pro-review-2026
Tech Enthusiast,/technology/how-large-language-models-work
Tech Enthusiast,/technology/best-laptops-2026-reviewed
Tech Enthusiast,/technology/raspberry-pi-5-project-ideas
Tech Enthusiast,/technology/quantum-computing-explained-beginners
Tech Enthusiast,/technology/best-gpu-2026-for-gaming-ai
Tech Enthusiast,/technology/how-to-build-home-nas-server
Tech Enthusiast,/technology/docker-vs-kubernetes-beginners
Tech Enthusiast,/technology/best-mechanical-keyboards-2026
Tech Enthusiast,/technology/ai-coding-assistants-comparison-2026
Tech Enthusiast,/technology/how-to-set-up-home-lab
Tech Enthusiast,/technology/best-wi-fi-routers-2026
Tech Enthusiast,/technology/stable-diffusion-vs-midjourney-2026
Tech Enthusiast,/technology/rust-vs-go-language-comparison
Tech Enthusiast,/technology/best-monitors-for-programmers-2026
Tech Enthusiast,/technology/how-self-driving-cars-work-2026
Tech Enthusiast,/technology/best-smart-home-devices-2026
Tech Enthusiast,/technology/how-to-set-up-pihole-home
Tech Enthusiast,/technology/best-noise-cancelling-headphones-2026
Tech Enthusiast,/technology/ai-video-generation-tools-2026
Tech Enthusiast,/technology/how-to-use-linux-for-beginners
Tech Enthusiast,/technology/best-4k-monitors-2026
Tech Enthusiast,/technology/chatgpt-vs-claude-vs-gemini-2026
Tech Enthusiast,/technology/homeassistant-setup-guide-2026
Tech Enthusiast,/technology/best-gaming-mice-2026
Tech Enthusiast,/technology/how-neural-networks-work
Tech Enthusiast,/technology/best-external-ssds-2026
Tech Enthusiast,/technology/open-source-ai-models-list-2026
Tech Enthusiast,/technology/vpn-comparison-2026-top-picks
Tech Enthusiast,/technology/how-to-set-up-proxmox-home
Tech Enthusiast,/technology/best-true-wireless-earbuds-2026
Tech Enthusiast,/technology/apple-m4-chip-performance-review
Tech Enthusiast,/technology/htmx-vs-react-when-to-use
Tech Enthusiast,/technology/best-webcams-for-streaming-2026
Tech Enthusiast,/technology/how-solid-state-batteries-work
Tech Enthusiast,/technology/best-smart-speakers-2026
Tech Enthusiast,/technology/prompt-engineering-advanced-guide
Tech Enthusiast,/technology/how-to-build-pc-2026-step-by-step
Tech Enthusiast,/technology/best-gaming-headsets-2026
Tech Enthusiast,/technology/openai-gpt-5-review-2026
Tech Enthusiast,/technology/linux-distros-compared-2026
Tech Enthusiast,/technology/best-ultrawide-monitors-2026
Tech Enthusiast,/technology/how-to-use-ai-code-generation
Tech Enthusiast,/technology/best-portable-ssds-2026
Tech Enthusiast,/technology/how-to-overclock-cpu-safely
Tech Enthusiast,/technology/best-standing-desks-2026
Tech Enthusiast,/technology/ai-image-recognition-how-it-works
Tech Enthusiast,/technology/how-to-set-up-tailscale-vpn
Tech Enthusiast,/technology/best-streaming-devices-2026
Tech Enthusiast,/technology/react-vs-vue-vs-svelte-2026
Tech Enthusiast,/technology/best-gaming-monitors-2026
Tech Enthusiast,/technology/how-retrieval-augmented-generation-works
Tech Enthusiast,/technology/best-portable-chargers-2026
Tech Enthusiast,/technology/how-to-use-tmux-productivity
Tech Enthusiast,/technology/best-mesh-wifi-systems-2026
Tech Enthusiast,/technology/ai-agents-how-they-work
Tech Enthusiast,/technology/how-to-set-up-jellyfin-server
Tech Enthusiast,/technology/best-gaming-chairs-2026
Tech Enthusiast,/technology/webassembly-use-cases-2026
Tech Enthusiast,/technology/best-mini-pcs-2026
Tech Enthusiast,/technology/how-to-build-custom-mechanical-keyboard
Tech Enthusiast,/technology/best-smart-tvs-2026
Tech Enthusiast,/technology/how-edge-computing-works
Tech Enthusiast,/technology/best-desk-accessories-programmers
Tech Enthusiast,/technology/how-to-use-neovim-productivity
Tech Enthusiast,/technology/best-budget-gaming-pcs-2026
Tech Enthusiast,/technology/nvidia-blackwell-vs-amd-rdna4
Tech Enthusiast,/technology/how-to-use-nix-package-manager
Tech Enthusiast,/technology/best-eink-displays-2026
Tech Enthusiast,/technology/fine-tuning-llm-guide-2026
Tech Enthusiast,/technology/best-gaming-routers-2026
Tech Enthusiast,/technology/how-zero-knowledge-proofs-work
Tech Enthusiast,/technology/best-ergonomic-keyboards-2026
Tech Enthusiast,/technology/how-to-self-host-everything
Tech Enthusiast,/technology/best-developer-laptops-2026
Tech Enthusiast,/technology/how-to-use-git-advanced
Tech Enthusiast,/technology/best-home-automation-2026
Tech Enthusiast,/technology/machine-learning-model-deployment-guide
Tech Enthusiast,/technology/best-microphones-streaming-2026
Tech Enthusiast,/technology/how-blockchain-actually-works
Tech Enthusiast,/technology/best-capture-cards-2026
Tech Enthusiast,/technology/python-vs-typescript-backend-2026
Tech Enthusiast,/technology/how-to-set-up-plex-server
Tech Enthusiast,/technology/best-action-cameras-2026
Tech Enthusiast,/technology/federated-learning-explained
Tech Enthusiast,/technology/best-portable-monitors-2026
Tech Enthusiast,/technology/how-to-use-claude-api-guide
Tech Enthusiast,/technology/best-cable-management-desk-2026
Tech Enthusiast,/technology/kubernetes-for-beginners-guide
Tech Enthusiast,/technology/best-all-in-one-pcs-2026
Tech Enthusiast,/technology/how-6g-networks-will-work
Tech Enthusiast,/technology/best-smart-displays-2026
Tech Enthusiast,/technology/ai-search-engines-compared-2026
Tech Enthusiast,/technology/how-to-use-obsidian-productivity
Tech Enthusiast,/technology/best-gaming-keyboards-2026
Tech Enthusiast,/technology/embedding-models-comparison-2026
Tech Enthusiast,/technology/best-drones-2026-reviewed
Tech Enthusiast,/technology/how-to-run-local-llm-ollama
Tech Enthusiast,/technology/best-3d-printers-2026
Tech Enthusiast,/technology/apple-intelligence-features-review
Tech Enthusiast,/technology/best-mirrorless-cameras-2026
Tech Enthusiast,/technology/how-to-set-up-wireguard-vpn
Tech Enthusiast,/technology/best-network-attached-storage-2026
Tech Enthusiast,/technology/wsl2-vs-native-linux-comparison
Tech Enthusiast,/technology/best-portable-projectors-2026
Tech Enthusiast,/technology/how-to-use-terraform-beginners
Tech Enthusiast,/technology/best-usb-hubs-2026
Tech Enthusiast,/technology/serverless-vs-containers-2026
Tech Enthusiast,/technology/best-gaming-pads-controllers-2026
Tech Enthusiast,/technology/how-to-set-up-unraid-nas
Tech Enthusiast,/technology/best-ar-glasses-2026-reviewed
Tech Enthusiast,/technology/diffusion-model-how-it-works
Tech Enthusiast,/technology/best-studio-monitors-2026
Tech Enthusiast,/technology/how-to-use-github-copilot-effectively
Tech Enthusiast,/technology/best-iot-projects-beginners-2026
Tech Enthusiast,/technology/llm-context-window-explained
Tech Enthusiast,/technology/best-smart-plugs-2026
Tech Enthusiast,/technology/how-to-build-rag-pipeline
Tech Enthusiast,/technology/best-gaming-desktops-2026
Tech Enthusiast,/technology/open-source-alternatives-google-services
Tech Enthusiast,/technology/best-solar-chargers-2026
Tech Enthusiast,/technology/how-to-learn-machine-learning-2026
Tech Enthusiast,/technology/best-walkie-talkie-gadgets-2026
Tech Enthusiast,/technology/how-transformers-architecture-works
Tech Enthusiast,/technology/best-linux-distributions-developers-2026
Tech Enthusiast,/technology/how-to-use-cursor-ai-editor
Tech Enthusiast,/technology/best-monitor-arms-2026
Tech Enthusiast,/technology/what-is-mcp-anthropic-explained
Tech Enthusiast,/technology/best-smart-doorbells-2026
Tech Enthusiast,/technology/how-to-build-local-ai-stack
Tech Enthusiast,/technology/best-budget-laptops-developers-2026
Tech Enthusiast,/technology/attention-is-all-you-need-explained
Tech Enthusiast,/technology/best-webcam-lighting-2026
Tech Enthusiast,/technology/how-to-use-aws-lambda-guide
Tech Enthusiast,/technology/best-electric-bikes-commuting-2026
Tech Enthusiast,/technology/graphql-vs-rest-api-2026
Tech Enthusiast,/technology/best-ambient-lighting-setup-2026
Tech Enthusiast,/technology/how-to-build-mcp-server
Tech Enthusiast,/technology/best-thermal-cameras-diy-2026
Tech Enthusiast,/technology/vector-database-comparison-2026
Tech Enthusiast,/technology/best-hackable-gadgets-2026
Tech Enthusiast,/technology/how-to-use-cloudflare-tunnel
Tech Enthusiast,/technology/best-smart-home-hubs-2026
Tech Enthusiast,/technology/how-to-build-ai-pipeline-python
Tech Enthusiast,/technology/best-gaming-earbuds-2026
Tech Enthusiast,/technology/ai-hallucination-detection-2026
Tech Enthusiast,/technology/best-laptop-stands-2026
Tech Enthusiast,/technology/how-to-set-up-grafana-dashboard
Tech Enthusiast,/technology/best-budget-ssds-2026
Tech Enthusiast,/technology/how-mixture-of-experts-works
Tech Enthusiast,/technology/best-smart-bulbs-2026
Tech Enthusiast,/technology/how-to-set-up-coolify-self-host
Tech Enthusiast,/technology/best-gaming-capture-cards-2026
Tech Enthusiast,/technology/ai-robotics-latest-research-2026
Tech Enthusiast,/technology/best-compact-cameras-2026
Tech Enthusiast,/technology/how-to-use-vite-react-2026
Tech Enthusiast,/technology/best-gaming-ssds-2026
Tech Enthusiast,/technology/multimodal-ai-models-comparison-2026
Tech Enthusiast,/technology/best-studio-lighting-streamers-2026
Tech Enthusiast,/technology/how-to-set-up-n8n-automation
Tech Enthusiast,/technology/best-thunderbolt-docks-2026
Tech Enthusiast,/technology/how-to-build-custom-gpt-agent
Tech Enthusiast,/technology/best-portable-batteries-2026
Tech Enthusiast,/technology/how-speculative-decoding-works-llm
Tech Enthusiast,/technology/best-smart-home-cameras-2026
Tech Enthusiast,/technology/how-to-use-hugging-face-models
Tech Enthusiast,/technology/best-desk-pads-2026
Tech Enthusiast,/technology/reinforcement-learning-from-human-feedback
Tech Enthusiast,/technology/best-budget-monitors-2026
Tech Enthusiast,/technology/how-to-self-host-llm-2026
Tech Enthusiast,/technology/best-gaming-controllers-pc-2026
Tech Enthusiast,/technology/ai-safety-research-overview-2026
Tech Enthusiast,/technology/best-ergonomic-mice-2026
Tech Enthusiast,/technology/how-to-use-supabase-backend
Tech Enthusiast,/technology/best-budget-earbuds-2026
Tech Enthusiast,/technology/how-to-contribute-to-open-source
Tech Enthusiast,/technology/best-drawing-tablets-2026
Tech Enthusiast,/technology/synthetic-data-generation-guide
Tech Enthusiast,/technology/best-gaming-chairs-under-300-2026
Tech Enthusiast,/technology/how-to-set-up-ci-cd-pipeline
Tech Enthusiast,/technology/best-conference-room-cameras-2026
Tech Enthusiast,/technology/model-context-protocol-guide
Tech Enthusiast,/technology/best-budget-gaming-laptops-2026
Tech Enthusiast,/technology/how-to-build-api-python-fastapi
Tech Enthusiast,/technology/best-resin-3d-printers-2026
Tech Enthusiast,/technology/how-computer-vision-works-2026
Tech Enthusiast,/technology/best-vr-headsets-2026-reviewed
Tech Enthusiast,/technology/agentic-workflows-guide-2026
Tech Enthusiast,/technology/best-smart-displays-kitchen-2026
Tech Enthusiast,/technology/how-to-build-discord-bot-2026
Tech Enthusiast,/technology/best-microcontrollers-hobbyist-2026
Tech Enthusiast,/technology/type-safe-api-design-typescript
Tech Enthusiast,/technology/best-security-cameras-home-2026
Tech Enthusiast,/technology/how-to-use-openai-realtime-api
Tech Enthusiast,/technology/best-gaming-ram-ddr5-2026
Tech Enthusiast,/technology/next-js-vs-remix-comparison-2026
Tech Enthusiast,/technology/best-smart-thermostats-2026
Tech Enthusiast,/technology/how-to-build-voice-ai-app
Tech Enthusiast,/technology/best-budget-wifi-routers-2026
Tech Enthusiast,/technology/structured-outputs-llm-guide
Tech Enthusiast,/technology/best-homelab-servers-2026
Tech Enthusiast,/technology/how-to-set-up-authentik-sso
Tech Enthusiast,/technology/best-electric-scooters-2026
Tech Enthusiast,/technology/how-ai-chips-work-explained
Tech Enthusiast,/technology/best-monitors-color-accuracy-2026
Tech Enthusiast,/technology/how-to-do-penetration-testing-basics
Tech Enthusiast,/technology/best-gaming-cpus-2026
Tech Enthusiast,/technology/ai-search-grounding-explained
Tech Enthusiast,/technology/best-portable-ssds-usb4-2026
Tech Enthusiast,/technology/how-to-use-langchain-agents
Tech Enthusiast,/technology/best-developer-tools-2026